id,transaction_date,transaction_time,account_id
1001,01/01/2022,14:05:08,1001
1002,01/01/2022,14:12:08,1002
1003,02/01/2022,10:10:29,1003
1004,02/01/2022,10:10:39,1004
1005,02/01/2022,15:36:15,1005
1006,02/01/2022,15:36:37,1006
1007,03/01/2022,06:32:46,1007
1008,03/01/2022,06:36:35,1008
1009,03/01/2022,08:14:32,1009
1010,03/01/2022,08:18:35,1010
1011,03/01/2022,13:13:14,1011
1012,04/01/2022,03:42:36,1012
1013,04/01/2022,03:42:55,1013
1014,04/01/2022,03:43:42,1014
1015,04/01/2022,03:43:51,1015
1016,04/01/2022,03:44:01,1016
1017,04/01/2022,03:46:16,1017
1018,04/01/2022,03:46:44,1018
1019,04/01/2022,06:39:46,1019
1020,04/01/2022,08:20:15,1020
1021,04/01/2022,13:59:16,1021
1022,04/01/2022,14:56:35,1022
1023,04/01/2022,21:58:40,1023
1024,05/01/2022,06:26:32,1024
1025,05/01/2022,12:22:13,1025
1026,05/01/2022,12:24:25,1026
1027,05/01/2022,15:50:05,1027
1028,05/01/2022,19:21:29,1028
1029,05/01/2022,19:23:47,1029
1030,05/01/2022,19:39:44,1030
1031,05/01/2022,19:48:43,1031
1032,05/01/2022,19:52:09,1032
1033,06/01/2022,04:05:24,1033
1034,06/01/2022,04:05:47,1034
1035,06/01/2022,04:05:58,1035
1036,06/01/2022,08:03:48,1036
1037,06/01/2022,13:22:57,1037
1038,06/01/2022,13:38:34,1038
1039,06/01/2022,14:15:38,1039
1040,07/01/2022,04:25:21,1040
1041,07/01/2022,12:23:21,1041
1042,07/01/2022,12:34:34,1042
1043,07/01/2022,12:46:11,1043
1044,07/01/2022,13:15:44,1044
1045,07/01/2022,14:53:23,1045
1046,07/01/2022,16:12:06,1046
1047,07/01/2022,18:07:15,1047
1048,07/01/2022,18:08:08,1048
1049,07/01/2022,18:18:26,1049
1050,08/01/2022,13:39:53,1050
1051,08/01/2022,13:45:38,1051
1052,08/01/2022,19:36:31,1052
1053,08/01/2022,20:24:33,1053
1054,10/01/2022,11:39:46,1054
1055,10/01/2022,11:40:11,1055
1056,10/01/2022,12:02:50,1056
1057,10/01/2022,12:03:14,1057
1058,10/01/2022,17:06:28,1058
1059,10/01/2022,17:19:31,1059
1060,10/01/2022,17:20:58,1060
1061,10/01/2022,19:04:56,1061
1062,10/01/2022,19:05:37,1062
1063,10/01/2022,19:06:21,1063
1064,11/01/2022,12:58:25,1064
1065,11/01/2022,13:01:11,1065
1066,11/01/2022,13:04:47,1066
1067,11/01/2022,13:23:51,1067
1068,11/01/2022,13:24:33,1068
1069,11/01/2022,14:22:59,1069
1070,11/01/2022,14:36:20,1070
1071,11/01/2022,18:52:45,1071
1072,11/01/2022,20:49:43,1072
1073,11/01/2022,20:58:15,1073
1074,11/01/2022,20:59:22,1074
1075,12/01/2022,03:35:11,1075
1076,12/01/2022,12:18:52,1076
1077,12/01/2022,12:19:35,1077
1078,12/01/2022,12:34:38,1078
1079,12/01/2022,12:35:02,1079
1080,12/01/2022,12:37:03,1080
1081,13/01/2022,03:04:53,1081
1082,13/01/2022,03:04:53,1082
1083,13/01/2022,15:32:25,1083
1084,13/01/2022,17:30:39,1084
1085,13/01/2022,17:38:19,1085
1086,13/01/2022,17:44:24,1086
1087,14/01/2022,18:36:06,1087
1088,14/01/2022,18:36:32,1088
1089,14/01/2022,22:55:33,1089
1090,15/01/2022,02:43:27,1090
1091,15/01/2022,12:38:39,1091
1092,16/01/2022,08:36:56,1092
1093,16/01/2022,12:40:54,1093
1094,16/01/2022,13:57:10,1094
1095,16/01/2022,14:20:59,1095
1096,16/01/2022,14:33:46,1096
1097,16/01/2022,14:37:02,1097
1098,16/01/2022,14:40:11,1098
1099,16/01/2022,17:14:12,1099
1100,16/01/2022,17:15:05,1100
1101,17/01/2022,10:01:42,1101
1102,18/01/2022,15:11:50,1102
1103,19/01/2022,14:54:52,1103
1104,20/01/2022,03:48:38,1104
1105,20/01/2022,03:49:08,1105
1106,20/01/2022,03:49:19,1106
1107,20/01/2022,03:49:42,1107
1108,20/01/2022,03:49:50,1108
1109,20/01/2022,03:50:13,1109
1110,20/01/2022,04:05:17,1110
1111,20/01/2022,04:27:22,1111
1112,20/01/2022,04:27:45,1112
1113,20/01/2022,09:02:30,1113
1114,20/01/2022,16:13:05,1114
1115,20/01/2022,16:43:39,1115
1116,20/01/2022,16:51:05,1116
1117,20/01/2022,16:52:02,1117
1118,20/01/2022,16:52:58,1118
1119,20/01/2022,17:19:34,1119
1120,20/01/2022,17:19:44,1120
1121,20/01/2022,17:19:50,1121
1122,20/01/2022,17:20:00,1122
1123,21/01/2022,09:16:24,1123
1124,21/01/2022,15:27:13,1124
1125,22/01/2022,17:29:41,1125
1126,22/01/2022,17:36:05,1126
1127,22/01/2022,17:36:32,1127
1128,22/01/2022,17:37:55,1128
1129,23/01/2022,08:34:52,1129
1130,23/01/2022,08:40:08,1130
1131,23/01/2022,12:26:41,1131
1132,23/01/2022,14:24:28,1132
1133,23/01/2022,14:36:09,1133
1134,23/01/2022,14:47:56,1134
1135,23/01/2022,14:50:58,1135
1136,23/01/2022,14:51:06,1136
1137,23/01/2022,14:56:33,1137
1138,23/01/2022,15:04:53,1138
1139,23/01/2022,15:26:48,1139
1140,23/01/2022,21:20:55,1140
1141,24/01/2022,09:47:07,1141
1142,24/01/2022,15:14:09,1142
1143,24/01/2022,15:14:38,1143
1144,24/01/2022,15:14:53,1144
1145,24/01/2022,15:21:04,1145
1146,24/01/2022,15:21:29,1146
1147,25/01/2022,14:27:28,1147
1148,25/01/2022,14:27:31,1148
1149,25/01/2022,14:29:29,1149
1150,25/01/2022,14:29:56,1150
1151,26/01/2022,15:06:53,1151
1152,27/01/2022,09:31:55,1152
1153,27/01/2022,14:11:10,1153
1154,27/01/2022,14:50:32,1154
1155,27/01/2022,17:00:46,1155
1156,27/01/2022,17:01:04,1156
1157,28/01/2022,09:05:49,1157
1158,28/01/2022,14:29:36,1158
1159,29/01/2022,09:14:43,1159
1160,29/01/2022,09:20:38,1160
1161,29/01/2022,12:50:45,1161
1162,29/01/2022,14:45:42,1162
1163,29/01/2022,16:18:21,1163
1164,29/01/2022,18:17:03,1164
1165,29/01/2022,18:17:18,1165
1166,29/01/2022,18:17:27,1166
1167,29/01/2022,18:17:43,1167
1168,29/01/2022,20:19:07,1168
1169,29/01/2022,20:31:40,1169
1170,29/01/2022,20:34:45,1170
1171,30/01/2022,11:18:48,1171
1172,30/01/2022,18:14:40,1172
1173,31/01/2022,04:02:20,1173
1174,31/01/2022,11:43:02,1174
1175,31/01/2022,14:19:59,1175
1176,01/02/2022,14:05:13,1176
1177,01/02/2022,14:13:40,1177
1178,01/02/2022,14:14:52,1178
1179,01/02/2022,14:15:48,1179
1180,01/02/2022,14:17:28,1180
1181,02/02/2022,11:36:51,1181
1182,03/02/2022,02:52:24,1182
1183,03/02/2022,02:52:44,1183
1184,03/02/2022,02:52:52,1184
1185,03/02/2022,02:54:08,1185
1186,03/02/2022,02:54:14,1186
1187,03/02/2022,02:57:32,1187
1188,03/02/2022,03:04:04,1188
1189,03/02/2022,03:24:13,1189
1190,03/02/2022,14:24:36,1190
1191,03/02/2022,14:39:48,1191
1192,04/02/2022,03:40:36,1192
1193,04/02/2022,08:17:43,1193
1194,04/02/2022,12:40:23,1194
1195,04/02/2022,12:40:25,1195
1196,04/02/2022,14:48:25,1196
1197,04/02/2022,15:18:48,1197
1198,04/02/2022,15:22:03,1198
1199,04/02/2022,16:16:03,1199
1200,04/02/2022,18:53:59,1200
1201,04/02/2022,19:16:20,1201
1202,05/02/2022,07:57:27,1202
1203,05/02/2022,07:58:20,1203
1204,05/02/2022,08:30:25,1204
1205,05/02/2022,08:34:04,1205
1206,05/02/2022,13:03:13,1206
1207,05/02/2022,17:16:34,1207
1208,05/02/2022,18:52:16,1208
1209,05/02/2022,18:52:58,1209
1210,05/02/2022,19:22:05,1210
1211,06/02/2022,13:36:21,1211
1212,06/02/2022,13:37:07,1212
1213,06/02/2022,17:40:27,1213
1214,06/02/2022,18:16:35,1214
1215,07/02/2022,06:54:18,1215
1216,07/02/2022,13:24:31,1216
1217,07/02/2022,13:44:12,1217
1218,07/02/2022,15:50:25,1218
1219,08/02/2022,03:01:32,1219
1220,08/02/2022,03:01:32,1220
1221,08/02/2022,06:37:59,1221
1222,08/02/2022,08:48:07,1222
1223,08/02/2022,08:48:48,1223
1224,08/02/2022,13:45:56,1224
1225,08/02/2022,14:03:07,1225
1226,08/02/2022,14:03:56,1226
1227,08/02/2022,15:27:59,1227
1228,08/02/2022,15:28:51,1228
1229,09/02/2022,05:25:31,1229
1230,09/02/2022,05:27:09,1230
1231,09/02/2022,13:16:59,1231
1232,09/02/2022,14:43:56,1232
1233,10/02/2022,09:44:50,1233
1234,10/02/2022,09:45:13,1234
1235,10/02/2022,14:59:34,1235
1236,10/02/2022,15:26:14,1236
1237,10/02/2022,15:26:49,1237
1238,10/02/2022,15:27:11,1238
1239,11/02/2022,02:07:19,1239
1240,11/02/2022,02:07:35,1240
1241,11/02/2022,08:35:48,1241
1242,11/02/2022,08:45:24,1242
1243,11/02/2022,08:46:31,1243
1244,11/02/2022,08:48:39,1244
1245,11/02/2022,16:38:27,1245
1246,11/02/2022,19:44:26,1246
1247,11/02/2022,21:37:14,1247
1248,12/02/2022,03:20:16,1248
1249,12/02/2022,07:45:12,1249
1250,12/02/2022,07:45:23,1250
1251,12/02/2022,09:55:14,1251
1252,12/02/2022,10:10:26,1252
1253,12/02/2022,10:53:29,1253
1254,12/02/2022,11:28:41,1254
1255,12/02/2022,11:30:24,1255
1256,12/02/2022,12:33:57,1256
1257,12/02/2022,14:11:54,1257
1258,12/02/2022,18:34:58,1258
1259,13/02/2022,09:29:22,1259
1260,13/02/2022,09:37:45,1260
1261,13/02/2022,09:38:23,1261
1262,13/02/2022,09:40:51,1262
1263,13/02/2022,13:32:31,1263
1264,14/02/2022,03:09:02,1264
1265,14/02/2022,03:09:02,1265
1266,14/02/2022,09:06:52,1266
1267,14/02/2022,09:10:48,1267
1268,14/02/2022,11:55:10,1268
1269,15/02/2022,14:19:15,1269
1270,15/02/2022,21:07:30,1270
1271,15/02/2022,21:28:28,1271
1272,16/02/2022,07:17:57,1272
1273,17/02/2022,08:11:05,1273
1274,17/02/2022,08:11:27,1274
1275,17/02/2022,08:11:36,1275
1276,17/02/2022,11:49:08,1276
1277,17/02/2022,11:50:43,1277
1278,17/02/2022,12:01:57,1278
1279,17/02/2022,12:02:18,1279
1280,18/02/2022,07:44:23,1280
1281,18/02/2022,07:46:05,1281
1282,18/02/2022,10:00:45,1282
1283,18/02/2022,15:48:04,1283
1284,18/02/2022,15:55:36,1284
1285,18/02/2022,15:56:08,1285
1286,18/02/2022,22:48:18,1286
1287,19/02/2022,11:14:10,1287
1288,20/02/2022,07:56:57,1288
1289,20/02/2022,08:01:03,1289
1290,20/02/2022,08:01:57,1290
1291,21/02/2022,08:47:29,1291
1292,21/02/2022,08:57:08,1292
1293,21/02/2022,09:00:48,1293
1294,21/02/2022,09:05:15,1294
1295,21/02/2022,09:10:24,1295
1296,21/02/2022,10:45:38,1296
1297,21/02/2022,10:46:06,1297
1298,21/02/2022,11:27:48,1298
1299,21/02/2022,11:32:06,1299
1300,21/02/2022,11:46:28,1300
1301,21/02/2022,15:42:42,1301
1302,21/02/2022,15:43:16,1302
1303,21/02/2022,15:43:29,1303
1304,22/02/2022,06:35:29,1304
1305,22/02/2022,06:36:36,1305
1306,23/02/2022,08:46:22,1306
1307,23/02/2022,14:06:37,1307
1308,23/02/2022,14:06:56,1308
1309,23/02/2022,14:08:49,1309
1310,23/02/2022,14:20:15,1310
1311,23/02/2022,14:52:48,1311
1312,24/02/2022,05:38:02,1312
1313,24/02/2022,05:38:28,1313
1314,24/02/2022,06:28:09,1314
1315,24/02/2022,15:19:04,1315
1316,24/02/2022,15:21:20,1316
1317,25/02/2022,06:26:30,1317
1318,25/02/2022,17:59:29,1318
1319,25/02/2022,18:02:35,1319
1320,25/02/2022,18:03:38,1320
1321,25/02/2022,21:05:22,1321
1322,26/02/2022,15:31:08,1322
1323,26/02/2022,15:35:20,1323
1324,26/02/2022,15:43:13,1324
1325,27/02/2022,16:33:50,1325
1326,27/02/2022,16:34:06,1326
1327,27/02/2022,16:47:32,1327
1328,28/02/2022,15:24:25,1328
1329,28/02/2022,17:21:47,1329
1330,28/02/2022,17:22:17,1330
1331,28/02/2022,17:22:43,1331
1332,28/02/2022,17:28:09,1332
1333,01/03/2022,15:37:10,1333
1334,01/03/2022,15:40:52,1334
1335,02/03/2022,14:50:56,1335
1336,02/03/2022,14:56:45,1336
1337,02/03/2022,15:07:46,1337
1338,03/03/2022,05:37:32,1338
1339,03/03/2022,05:38:26,1339
1340,03/03/2022,05:38:34,1340
1341,03/03/2022,05:38:56,1341
1342,03/03/2022,05:39:09,1342
1343,03/03/2022,06:04:50,1343
1344,03/03/2022,06:13:55,1344
1345,03/03/2022,06:14:05,1345
1346,03/03/2022,06:35:00,1346
1347,03/03/2022,13:12:30,1347
1348,03/03/2022,17:11:01,1348
1349,04/03/2022,04:42:03,1349
1350,04/03/2022,04:44:46,1350
1351,04/03/2022,06:06:28,1351
1352,04/03/2022,06:20:57,1352
1353,04/03/2022,06:24:13,1353
1354,04/03/2022,14:29:46,1354
1355,04/03/2022,14:49:54,1355
1356,04/03/2022,14:54:57,1356
1357,04/03/2022,14:58:50,1357
1358,04/03/2022,15:26:33,1358
1359,04/03/2022,15:27:27,1359
1360,04/03/2022,16:29:25,1360
1361,04/03/2022,17:35:22,1361
1362,04/03/2022,17:37:05,1362
1363,05/03/2022,07:09:16,1363
1364,05/03/2022,07:09:25,1364
1365,05/03/2022,07:14:45,1365
1366,05/03/2022,07:15:53,1366
1367,05/03/2022,10:59:50,1367
1368,05/03/2022,12:14:33,1368
1369,05/03/2022,15:49:52,1369
1370,05/03/2022,19:03:49,1370
1371,05/03/2022,19:08:43,1371
1372,05/03/2022,19:08:53,1372
1373,05/03/2022,19:09:03,1373
1374,05/03/2022,19:09:20,1374
1375,07/03/2022,06:50:55,1375
1376,07/03/2022,14:23:01,1376
1377,07/03/2022,14:24:47,1377
1378,07/03/2022,14:27:09,1378
1379,07/03/2022,14:28:13,1379
1380,07/03/2022,14:29:01,1380
1381,07/03/2022,14:29:10,1381
1382,07/03/2022,14:29:19,1382
1383,07/03/2022,14:29:37,1383
1384,07/03/2022,15:30:53,1384
1385,07/03/2022,15:41:15,1385
1386,08/03/2022,13:43:34,1386
1387,08/03/2022,14:37:28,1387
1388,09/03/2022,04:24:22,1388
1389,09/03/2022,04:25:12,1389
1390,09/03/2022,04:25:51,1390
1391,09/03/2022,06:33:51,1391
1392,09/03/2022,13:16:10,1392
1393,10/03/2022,03:00:10,1393
1394,10/03/2022,03:00:10,1394
1395,10/03/2022,05:39:01,1395
1396,10/03/2022,06:36:20,1396
1397,10/03/2022,13:39:42,1397
1398,10/03/2022,16:30:17,1398
1399,10/03/2022,20:02:25,1399
1400,10/03/2022,20:03:48,1400
1401,10/03/2022,20:25:59,1401
1402,11/03/2022,12:02:57,1402
1403,12/03/2022,00:06:08,1403
1404,12/03/2022,04:48:24,1404
1405,12/03/2022,08:08:28,1405
1406,12/03/2022,11:43:26,1406
1407,12/03/2022,11:43:54,1407
1408,12/03/2022,12:34:05,1408
1409,12/03/2022,13:04:37,1409
1410,12/03/2022,13:05:03,1410
1411,12/03/2022,16:45:24,1411
1412,12/03/2022,17:01:51,1412
1413,12/03/2022,20:38:30,1413
1414,12/03/2022,20:39:14,1414
1415,13/03/2022,14:48:22,1415
1416,13/03/2022,21:47:27,1416
1417,14/03/2022,12:45:20,1417
1418,14/03/2022,14:14:16,1418
1419,15/03/2022,09:30:16,1419
1420,15/03/2022,14:34:33,1420
1421,15/03/2022,15:30:39,1421
1422,15/03/2022,16:00:11,1422
1423,15/03/2022,16:09:46,1423
1424,15/03/2022,16:10:23,1424
1425,15/03/2022,17:15:11,1425
1426,15/03/2022,22:18:07,1426
1427,15/03/2022,22:18:07,1427
1428,16/03/2022,15:05:13,1428
1429,16/03/2022,15:09:39,1429
1430,16/03/2022,15:09:40,1430
1431,16/03/2022,15:31:45,1431
1432,16/03/2022,15:51:42,1432
1433,16/03/2022,15:51:43,1433
1434,17/03/2022,03:37:50,1434
1435,17/03/2022,03:38:31,1435
1436,17/03/2022,03:38:41,1436
1437,17/03/2022,03:39:55,1437
1438,17/03/2022,03:40:21,1438
1439,17/03/2022,03:42:13,1439
1440,17/03/2022,03:42:54,1440
1441,17/03/2022,06:38:49,1441
1442,17/03/2022,06:38:49,1442
1443,17/03/2022,11:13:06,1443
1444,17/03/2022,11:13:06,1444
1445,17/03/2022,12:01:51,1445
1446,17/03/2022,12:01:53,1446
1447,17/03/2022,16:38:57,1447
1448,17/03/2022,16:38:58,1448
1449,17/03/2022,17:05:17,1449
1450,17/03/2022,17:06:10,1450
1451,18/03/2022,05:05:22,1451
1452,18/03/2022,05:07:50,1452
1453,18/03/2022,06:33:54,1453
1454,18/03/2022,06:33:55,1454
1455,18/03/2022,12:09:58,1455
1456,18/03/2022,12:13:23,1456
1457,18/03/2022,12:13:24,1457
1458,18/03/2022,12:13:42,1458
1459,18/03/2022,16:42:37,1459
1460,18/03/2022,17:09:26,1460
1461,18/03/2022,17:09:27,1461
1462,18/03/2022,17:13:31,1462
1463,18/03/2022,17:20:28,1463
1464,18/03/2022,17:20:29,1464
1465,18/03/2022,17:59:10,1465
1466,19/03/2022,09:02:17,1466
1467,19/03/2022,09:04:33,1467
1468,19/03/2022,12:42:44,1468
1469,19/03/2022,12:42:45,1469
1470,20/03/2022,13:56:32,1470
1471,20/03/2022,13:56:33,1471
1472,21/03/2022,04:25:41,1472
1473,21/03/2022,04:25:42,1473
1474,21/03/2022,12:00:05,1474
1475,21/03/2022,12:01:17,1475
1476,21/03/2022,12:01:18,1476
1477,21/03/2022,15:09:49,1477
1478,21/03/2022,15:10:15,1478
1479,21/03/2022,15:10:15,1479
1480,22/03/2022,12:45:26,1480
1481,22/03/2022,12:45:27,1481
1482,22/03/2022,19:05:34,1482
1483,22/03/2022,19:13:07,1483
1484,22/03/2022,19:13:07,1484
1485,22/03/2022,19:35:16,1485
1486,23/03/2022,03:47:51,1486
1487,23/03/2022,11:43:57,1487
1488,23/03/2022,11:43:58,1488
1489,23/03/2022,14:51:28,1489
1490,23/03/2022,14:51:29,1490
1491,24/03/2022,05:41:51,1491
1492,24/03/2022,05:41:56,1492
1493,24/03/2022,05:41:57,1493
1494,24/03/2022,06:26:44,1494
1495,24/03/2022,06:26:45,1495
1496,24/03/2022,06:33:22,1496
1497,24/03/2022,06:33:22,1497
1498,24/03/2022,12:06:04,1498
1499,24/03/2022,12:06:05,1499
1500,24/03/2022,14:02:22,1500
1501,24/03/2022,14:02:23,1501
1502,24/03/2022,17:28:15,1502
1503,24/03/2022,17:28:16,1503
1504,24/03/2022,17:31:14,1504
1505,24/03/2022,17:34:41,1505
1506,24/03/2022,17:34:43,1506
1507,24/03/2022,17:38:42,1507
1508,24/03/2022,17:51:14,1508
1509,24/03/2022,17:51:15,1509
1510,25/03/2022,06:22:02,1510
1511,25/03/2022,06:22:02,1511
1512,25/03/2022,12:01:34,1512
1513,25/03/2022,12:01:34,1513
1514,25/03/2022,14:26:21,1514
1515,25/03/2022,14:29:06,1515
1516,25/03/2022,14:29:07,1516
1517,25/03/2022,18:03:14,1517
1518,25/03/2022,18:38:56,1518
1519,25/03/2022,18:38:57,1519
1520,25/03/2022,19:23:15,1520
1521,25/03/2022,19:23:16,1521
1522,25/03/2022,19:40:25,1522
1523,25/03/2022,19:40:26,1523
1524,25/03/2022,19:41:00,1524
1525,25/03/2022,20:58:29,1525
1526,26/03/2022,00:00:57,1526
1527,26/03/2022,02:09:13,1527
1528,26/03/2022,02:09:14,1528
1529,26/03/2022,09:14:15,1529
1530,26/03/2022,09:15:28,1530
1531,26/03/2022,09:15:37,1531
1532,26/03/2022,09:15:39,1532
1533,26/03/2022,09:15:40,1533
1534,26/03/2022,09:17:11,1534
1535,26/03/2022,09:17:12,1535
1536,26/03/2022,13:45:41,1536
1537,26/03/2022,13:51:16,1537
1538,26/03/2022,14:20:22,1538
1539,26/03/2022,14:20:23,1539
1540,26/03/2022,19:13:16,1540
1541,26/03/2022,19:13:17,1541
1542,26/03/2022,19:29:20,1542
1543,26/03/2022,19:29:45,1543
1544,27/03/2022,08:56:46,1544
1545,27/03/2022,20:14:41,1545
1546,28/03/2022,02:41:08,1546
1547,28/03/2022,06:30:33,1547
1548,28/03/2022,07:30:39,1548
1549,28/03/2022,13:14:39,1549
1550,28/03/2022,15:38:13,1550
1551,29/03/2022,02:05:03,1551
1552,29/03/2022,02:05:03,1552
1553,29/03/2022,12:03:45,1553
1554,29/03/2022,12:03:45,1554
1555,29/03/2022,12:24:09,1555
1556,30/03/2022,07:28:02,1556
1557,30/03/2022,12:01:42,1557
1558,30/03/2022,13:14:58,1558
1559,30/03/2022,13:29:21,1559
1560,30/03/2022,13:30:25,1560
1561,30/03/2022,13:31:38,1561
1562,30/03/2022,19:42:24,1562
1563,30/03/2022,19:49:53,1563
1564,30/03/2022,19:50:32,1564
1565,30/03/2022,19:51:24,1565
1566,30/03/2022,19:56:50,1566
1567,30/03/2022,20:09:18,1567
1568,30/03/2022,20:14:19,1568
1569,30/03/2022,20:18:48,1569
1570,31/03/2022,01:05:16,1570
1571,31/03/2022,02:58:20,1571
1572,31/03/2022,03:00:16,1572
1573,31/03/2022,03:00:47,1573
1574,31/03/2022,03:01:28,1574
1575,31/03/2022,10:50:51,1575
1576,31/03/2022,13:42:42,1576
1577,31/03/2022,13:44:30,1577
1578,31/03/2022,13:47:05,1578
1579,31/03/2022,13:47:22,1579
1580,31/03/2022,13:48:05,1580
1581,31/03/2022,13:48:12,1581
1582,01/04/2022,03:26:53,1582
1583,01/04/2022,05:47:06,1583
1584,01/04/2022,05:49:59,1584
1585,01/04/2022,08:41:06,1585
1586,01/04/2022,11:34:34,1586
1587,01/04/2022,13:30:39,1587
1588,01/04/2022,14:06:40,1588
1589,01/04/2022,20:05:55,1589
1590,01/04/2022,20:51:39,1590
1591,01/04/2022,20:58:21,1591
1592,02/04/2022,11:01:11,1592
1593,02/04/2022,11:06:36,1593
1594,02/04/2022,12:02:32,1594
1595,02/04/2022,13:20:05,1595
1596,02/04/2022,13:27:43,1596
1597,02/04/2022,13:47:55,1597
1598,02/04/2022,14:14:50,1598
1599,02/04/2022,16:35:48,1599
1600,02/04/2022,16:39:17,1600
1601,02/04/2022,18:45:16,1601
1602,02/04/2022,18:45:48,1602
1603,03/04/2022,05:57:31,1603
1604,03/04/2022,07:48:47,1604
1605,03/04/2022,07:49:28,1605
1606,03/04/2022,08:31:26,1606
1607,03/04/2022,19:20:54,1607
1608,03/04/2022,20:24:03,1608
1609,04/04/2022,08:37:34,1609
1610,04/04/2022,12:10:59,1610
1611,04/04/2022,12:49:31,1611
1612,04/04/2022,17:46:14,1612
1613,04/04/2022,17:47:15,1613
1614,04/04/2022,18:11:40,1614
1615,04/04/2022,18:17:23,1615
1616,04/04/2022,18:18:41,1616
1617,04/04/2022,18:24:35,1617
1618,05/04/2022,12:34:31,1618
1619,05/04/2022,13:11:10,1619
1620,05/04/2022,13:15:03,1620
1621,05/04/2022,15:50:06,1621
1622,06/04/2022,08:19:33,1622
1623,06/04/2022,12:25:16,1623
1624,06/04/2022,12:29:25,1624
1625,06/04/2022,12:56:59,1625
1626,06/04/2022,19:06:31,1626
1627,06/04/2022,19:34:59,1627
1628,07/04/2022,12:08:02,1628
1629,07/04/2022,17:45:01,1629
1630,07/04/2022,20:25:53,1630
1631,07/04/2022,22:16:19,1631
1632,08/04/2022,12:46:06,1632
1633,08/04/2022,19:38:19,1633
1634,08/04/2022,19:42:06,1634
1635,08/04/2022,19:46:09,1635
1636,08/04/2022,19:46:37,1636
1637,08/04/2022,20:13:05,1637
1638,09/04/2022,10:48:20,1638
1639,09/04/2022,11:17:56,1639
1640,09/04/2022,11:22:17,1640
1641,09/04/2022,12:28:20,1641
1642,09/04/2022,12:34:50,1642
1643,09/04/2022,12:37:25,1643
1644,09/04/2022,19:59:46,1644
1645,09/04/2022,20:11:09,1645
1646,10/04/2022,16:09:16,1646
1647,10/04/2022,16:10:19,1647
1648,10/04/2022,16:57:13,1648
1649,10/04/2022,20:41:53,1649
1650,11/04/2022,02:14:04,1650
1651,11/04/2022,02:14:04,1651
1652,11/04/2022,04:01:35,1652
1653,11/04/2022,04:01:45,1653
1654,11/04/2022,13:23:23,1654
1655,11/04/2022,20:30:10,1655
1656,11/04/2022,20:39:53,1656
1657,11/04/2022,20:42:17,1657
1658,12/04/2022,02:17:34,1658
1659,12/04/2022,04:54:05,1659
1660,12/04/2022,04:54:18,1660
1661,12/04/2022,04:55:20,1661
1662,12/04/2022,04:55:44,1662
1663,12/04/2022,04:55:46,1663
1664,12/04/2022,10:13:06,1664
1665,12/04/2022,11:34:24,1665
1666,12/04/2022,19:28:20,1666
1667,13/04/2022,19:16:10,1667
1668,13/04/2022,19:47:25,1668
1669,14/04/2022,02:48:04,1669
1670,14/04/2022,02:49:15,1670
1671,14/04/2022,02:49:31,1671
1672,14/04/2022,02:49:41,1672
1673,14/04/2022,03:27:24,1673
1674,14/04/2022,11:51:52,1674
1675,14/04/2022,14:56:14,1675
1676,14/04/2022,15:06:45,1676
1677,14/04/2022,15:45:30,1677
1678,14/04/2022,15:52:21,1678
1679,14/04/2022,15:55:51,1679
1680,14/04/2022,18:26:01,1680
1681,14/04/2022,19:20:00,1681
1682,14/04/2022,19:21:35,1682
1683,15/04/2022,04:53:09,1683
1684,15/04/2022,05:22:02,1684
1685,15/04/2022,10:45:35,1685
1686,15/04/2022,14:25:42,1686
1687,15/04/2022,14:54:19,1687
1688,15/04/2022,22:18:34,1688
1689,16/04/2022,09:04:51,1689
1690,16/04/2022,09:15:37,1690
1691,16/04/2022,21:24:28,1691
1692,16/04/2022,21:35:27,1692
1693,16/04/2022,21:39:56,1693
1694,16/04/2022,21:40:43,1694
1695,17/04/2022,13:16:16,1695
1696,17/04/2022,13:23:03,1696
1697,18/04/2022,04:55:25,1697
1698,18/04/2022,12:37:22,1698
1699,18/04/2022,15:02:58,1699
1700,18/04/2022,15:18:21,1700
1701,18/04/2022,15:51:53,1701
1702,18/04/2022,15:53:37,1702
1703,18/04/2022,18:41:49,1703
1704,19/04/2022,17:46:02,1704
1705,19/04/2022,17:47:33,1705
1706,20/04/2022,11:59:33,1706
1707,21/04/2022,13:56:38,1707
1708,21/04/2022,13:57:25,1708
1709,22/04/2022,02:05:16,1709
1710,22/04/2022,02:05:16,1710
1711,22/04/2022,07:14:34,1711
1712,22/04/2022,07:14:49,1712
1713,22/04/2022,17:17:01,1713
1714,22/04/2022,17:28:29,1714
1715,23/04/2022,08:11:43,1715
1716,24/04/2022,14:30:50,1716
1717,24/04/2022,14:31:12,1717
1718,24/04/2022,20:01:56,1718
1719,24/04/2022,20:04:14,1719
1720,24/04/2022,20:04:53,1720
1721,24/04/2022,20:25:50,1721
1722,24/04/2022,20:28:27,1722
1723,25/04/2022,13:11:17,1723
1724,25/04/2022,13:14:17,1724
1725,25/04/2022,17:56:39,1725
1726,25/04/2022,17:58:50,1726
1727,25/04/2022,18:00:04,1727
1728,25/04/2022,18:38:36,1728
1729,26/04/2022,13:56:20,1729
1730,26/04/2022,19:17:20,1730
1731,26/04/2022,19:19:08,1731
1732,26/04/2022,19:19:44,1732
1733,27/04/2022,02:54:48,1733
1734,27/04/2022,14:21:19,1734
1735,27/04/2022,21:14:02,1735
1736,28/04/2022,03:33:06,1736
1737,28/04/2022,03:33:36,1737
1738,28/04/2022,03:34:05,1738
1739,28/04/2022,03:34:30,1739
1740,28/04/2022,05:21:35,1740
1741,28/04/2022,16:54:54,1741
1742,28/04/2022,17:32:27,1742
1743,28/04/2022,17:32:33,1743
1744,28/04/2022,17:34:48,1744
1745,28/04/2022,19:29:34,1745
1746,28/04/2022,20:35:07,1746
1747,28/04/2022,20:37:33,1747
1748,29/04/2022,05:22:26,1748
1749,29/04/2022,07:14:57,1749
1750,29/04/2022,11:58:24,1750
1751,29/04/2022,16:17:04,1751
1752,29/04/2022,16:17:33,1752
1753,30/04/2022,05:44:40,1753
1754,30/04/2022,05:44:58,1754
1755,30/04/2022,10:33:36,1755
1756,30/04/2022,10:37:17,1756
1757,30/04/2022,11:14:17,1757
1758,30/04/2022,21:46:28,1758
1759,30/04/2022,21:47:23,1759
1760,30/04/2022,21:47:55,1760
1761,01/05/2022,09:00:02,1761
1762,01/05/2022,09:05:29,1762
1763,01/05/2022,09:07:43,1763
1764,02/05/2022,05:06:06,1764
1765,02/05/2022,10:55:07,1765
1766,02/05/2022,11:01:06,1766
1767,02/05/2022,15:40:20,1767
1768,02/05/2022,15:56:16,1768
1769,02/05/2022,15:57:07,1769
1770,03/05/2022,00:10:51,1770
1771,03/05/2022,13:06:56,1771
1772,04/05/2022,07:11:35,1772
1773,04/05/2022,07:39:53,1773
1774,04/05/2022,10:19:24,1774
1775,04/05/2022,15:01:15,1775
1776,04/05/2022,15:01:50,1776
1777,04/05/2022,20:38:10,1777
1778,05/05/2022,10:03:11,1778
1779,05/05/2022,15:50:11,1779
1780,05/05/2022,16:33:28,1780
1781,05/05/2022,16:37:19,1781
1782,05/05/2022,16:38:29,1782
1783,05/05/2022,16:38:47,1783
1784,06/05/2022,07:49:37,1784
1785,06/05/2022,10:16:02,1785
1786,06/05/2022,12:18:41,1786
1787,06/05/2022,13:12:08,1787
1788,06/05/2022,15:16:58,1788
1789,06/05/2022,15:17:11,1789
1790,06/05/2022,16:29:05,1790
1791,06/05/2022,16:30:07,1791
1792,07/05/2022,00:20:38,1792
1793,07/05/2022,00:58:52,1793
1794,07/05/2022,05:32:14,1794
1795,07/05/2022,08:23:22,1795
1796,07/05/2022,08:43:34,1796
1797,07/05/2022,12:40:26,1797
1798,08/05/2022,08:15:59,1798
1799,08/05/2022,08:26:01,1799
1800,08/05/2022,15:29:23,1800
1801,09/05/2022,12:31:38,1801
1802,10/05/2022,11:37:39,1802
1803,10/05/2022,14:22:21,1803
1804,10/05/2022,18:50:29,1804
1805,10/05/2022,19:46:10,1805
1806,11/05/2022,12:13:26,1806
1807,11/05/2022,13:16:57,1807
1808,11/05/2022,16:01:39,1808
1809,12/05/2022,00:22:16,1809
1810,12/05/2022,00:22:34,1810
1811,12/05/2022,00:23:00,1811
1812,12/05/2022,00:23:20,1812
1813,12/05/2022,00:24:03,1813
1814,12/05/2022,00:26:31,1814
1815,12/05/2022,00:26:57,1815
1816,12/05/2022,00:28:44,1816
1817,12/05/2022,00:30:19,1817
1818,12/05/2022,00:31:54,1818
1819,12/05/2022,00:32:12,1819
1820,12/05/2022,02:21:02,1820
1821,12/05/2022,02:21:10,1821
1822,12/05/2022,02:21:15,1822
1823,12/05/2022,02:49:40,1823
1824,12/05/2022,11:33:58,1824
1825,12/05/2022,11:35:53,1825
1826,12/05/2022,12:54:21,1826
1827,12/05/2022,12:59:29,1827
1828,12/05/2022,15:04:31,1828
1829,12/05/2022,15:49:22,1829
1830,13/05/2022,01:03:27,1830
1831,13/05/2022,11:19:06,1831
1832,13/05/2022,12:41:46,1832
1833,13/05/2022,13:07:44,1833
1834,13/05/2022,13:08:11,1834
1835,13/05/2022,13:09:35,1835
1836,13/05/2022,13:09:51,1836
1837,13/05/2022,13:11:16,1837
1838,13/05/2022,22:17:35,1838
1839,14/05/2022,08:30:39,1839
1840,14/05/2022,09:27:41,1840
1841,14/05/2022,12:13:48,1841
1842,14/05/2022,12:15:44,1842
1843,14/05/2022,14:19:10,1843
1844,14/05/2022,15:35:22,1844
1845,14/05/2022,16:11:18,1845
1846,14/05/2022,16:36:31,1846
1847,14/05/2022,16:37:44,1847
1848,14/05/2022,16:39:23,1848
1849,15/05/2022,00:34:56,1849
1850,15/05/2022,06:55:08,1850
1851,15/05/2022,11:45:03,1851
1852,15/05/2022,11:54:11,1852
1853,15/05/2022,18:51:05,1853
1854,15/05/2022,18:51:42,1854
1855,15/05/2022,18:52:46,1855
1856,15/05/2022,22:18:03,1856
1857,16/05/2022,05:16:51,1857
1858,16/05/2022,05:17:20,1858
1859,16/05/2022,12:59:50,1859
1860,16/05/2022,15:26:21,1860
1861,16/05/2022,15:28:59,1861
1862,17/05/2022,02:03:37,1862
1863,17/05/2022,02:03:38,1863
1864,17/05/2022,05:25:34,1864
1865,17/05/2022,05:29:16,1865
1866,17/05/2022,05:56:28,1866
1867,17/05/2022,08:13:20,1867
1868,18/05/2022,05:58:55,1868
1869,18/05/2022,11:23:10,1869
1870,19/05/2022,12:59:31,1870
1871,19/05/2022,13:01:40,1871
1872,19/05/2022,14:08:10,1872
1873,19/05/2022,17:57:04,1873
1874,19/05/2022,21:03:23,1874
1875,19/05/2022,21:04:09,1875
1876,19/05/2022,21:04:28,1876
1877,19/05/2022,21:04:30,1877
1878,19/05/2022,21:09:13,1878
1879,20/05/2022,13:49:10,1879
1880,20/05/2022,13:59:19,1880
1881,20/05/2022,13:59:47,1881
1882,21/05/2022,13:20:36,1882
1883,21/05/2022,14:24:35,1883
1884,21/05/2022,18:14:50,1884
1885,21/05/2022,18:32:30,1885
1886,22/05/2022,07:25:02,1886
1887,22/05/2022,07:28:52,1887
1888,22/05/2022,16:54:46,1888
1889,22/05/2022,18:07:28,1889
1890,22/05/2022,21:29:11,1890
1891,23/05/2022,11:55:51,1891
1892,23/05/2022,15:45:20,1892
1893,24/05/2022,14:50:24,1893
1894,25/05/2022,04:40:12,1894
1895,25/05/2022,11:16:17,1895
1896,25/05/2022,11:17:46,1896
1897,26/05/2022,14:50:53,1897
1898,26/05/2022,14:51:18,1898
1899,26/05/2022,14:51:30,1899
1900,26/05/2022,14:52:24,1900
1901,26/05/2022,15:14:50,1901
1902,27/05/2022,12:51:18,1902
1903,27/05/2022,14:42:30,1903
1904,27/05/2022,14:49:08,1904
1905,27/05/2022,14:53:45,1905
1906,27/05/2022,17:36:29,1906
1907,27/05/2022,19:09:26,1907
1908,27/05/2022,19:56:59,1908
1909,27/05/2022,19:57:29,1909
1910,27/05/2022,20:13:10,1910
1911,27/05/2022,23:02:00,1911
1912,28/05/2022,10:20:57,1912
1913,28/05/2022,10:21:11,1913
1914,28/05/2022,14:41:45,1914
1915,28/05/2022,14:42:54,1915
1916,28/05/2022,14:44:51,1916
1917,29/05/2022,07:59:31,1917
1918,29/05/2022,07:59:46,1918
1919,29/05/2022,08:00:19,1919
1920,29/05/2022,08:05:42,1920
1921,29/05/2022,19:07:11,1921
1922,29/05/2022,19:13:45,1922
1923,30/05/2022,04:47:40,1923
1924,30/05/2022,05:15:55,1924
1925,30/05/2022,05:27:58,1925
1926,30/05/2022,13:11:39,1926
1927,30/05/2022,16:13:17,1927
1928,30/05/2022,16:14:35,1928
1929,31/05/2022,05:21:29,1929
1930,31/05/2022,12:29:28,1930
1931,31/05/2022,12:30:36,1931
1932,01/06/2022,04:49:19,1932
1933,01/06/2022,04:49:37,1933
1934,01/06/2022,05:16:34,1934
1935,01/06/2022,13:36:10,1935
1936,01/06/2022,15:18:51,1936
1937,02/06/2022,13:13:15,1937
1938,03/06/2022,07:21:04,1938
1939,03/06/2022,13:17:14,1939
1940,03/06/2022,13:17:47,1940
1941,03/06/2022,13:46:00,1941
1942,03/06/2022,13:48:53,1942
1943,03/06/2022,17:32:08,1943
1944,04/06/2022,11:24:53,1944
1945,04/06/2022,11:28:18,1945
1946,04/06/2022,11:28:32,1946
1947,04/06/2022,18:50:02,1947
1948,05/06/2022,08:02:47,1948
1949,05/06/2022,08:03:23,1949
1950,05/06/2022,16:23:00,1950
1951,06/06/2022,06:44:59,1951
1952,06/06/2022,12:59:16,1952
1953,06/06/2022,18:07:29,1953
1954,06/06/2022,18:08:33,1954
1955,06/06/2022,19:09:11,1955
1956,06/06/2022,19:10:59,1956
1957,06/06/2022,19:11:50,1957
1958,07/06/2022,08:05:42,1958
1959,07/06/2022,15:50:29,1959
1960,08/06/2022,11:04:49,1960
1961,09/06/2022,02:27:22,1961
1962,09/06/2022,02:28:24,1962
1963,09/06/2022,02:28:40,1963
1964,09/06/2022,02:28:53,1964
1965,09/06/2022,13:14:21,1965
1966,09/06/2022,13:14:43,1966
1967,09/06/2022,13:31:47,1967
1968,09/06/2022,13:33:33,1968
1969,09/06/2022,13:51:11,1969
1970,09/06/2022,13:54:21,1970
1971,09/06/2022,13:54:44,1971
1972,09/06/2022,14:23:14,1972
1973,09/06/2022,14:25:25,1973
1974,09/06/2022,14:26:00,1974
1975,09/06/2022,14:28:57,1975
1976,10/06/2022,02:02:06,1976
1977,10/06/2022,02:02:06,1977
1978,10/06/2022,12:48:48,1978
1979,10/06/2022,12:51:55,1979
1980,10/06/2022,12:53:17,1980
1981,10/06/2022,12:53:46,1981
1982,10/06/2022,18:01:15,1982
1983,10/06/2022,19:29:50,1983
1984,10/06/2022,19:36:48,1984
1985,10/06/2022,19:36:59,1985
1986,10/06/2022,20:09:34,1986
1987,11/06/2022,07:02:13,1987
1988,11/06/2022,07:02:33,1988
1989,11/06/2022,07:07:59,1989
1990,11/06/2022,07:08:37,1990
1991,11/06/2022,08:53:19,1991
1992,11/06/2022,08:54:06,1992
1993,11/06/2022,10:13:57,1993
1994,11/06/2022,10:14:05,1994
1995,11/06/2022,10:38:29,1995
1996,11/06/2022,10:52:00,1996
1997,11/06/2022,11:00:15,1997
1998,11/06/2022,11:01:05,1998
1999,11/06/2022,11:04:04,1999
2000,11/06/2022,11:18:52,2000
2001,11/06/2022,11:22:04,2001
2002,11/06/2022,11:46:14,2002
2003,11/06/2022,17:51:14,2003
2004,11/06/2022,17:53:10,2004
2005,11/06/2022,18:42:03,2005
2006,12/06/2022,05:05:32,2006
2007,12/06/2022,05:05:52,2007
2008,12/06/2022,08:16:25,2008
2009,12/06/2022,08:42:35,2009
2010,12/06/2022,11:34:11,2010
2011,15/06/2022,12:41:47,2011
2012,15/06/2022,22:18:25,2012
2013,16/06/2022,02:06:29,2013
2014,16/06/2022,14:01:47,2014
2015,16/06/2022,19:14:33,2015
2016,16/06/2022,19:20:48,2016
2017,16/06/2022,19:21:28,2017
2018,16/06/2022,19:24:20,2018
2019,16/06/2022,21:35:29,2019
2020,16/06/2022,21:36:09,2020
2021,16/06/2022,21:37:32,2021
2022,17/06/2022,02:58:40,2022
2023,17/06/2022,13:45:11,2023
2024,17/06/2022,20:43:09,2024
2025,17/06/2022,20:43:44,2025
2026,18/06/2022,10:11:05,2026
2027,18/06/2022,10:25:41,2027
2028,18/06/2022,17:42:54,2028
2029,18/06/2022,17:43:14,2029
2030,19/06/2022,06:47:32,2030
2031,19/06/2022,14:32:48,2031
2032,19/06/2022,14:37:28,2032
2033,20/06/2022,05:16:30,2033
2034,20/06/2022,05:18:07,2034
2035,20/06/2022,05:19:53,2035
2036,20/06/2022,11:15:08,2036
2037,21/06/2022,05:37:34,2037
2038,21/06/2022,07:47:35,2038
2039,21/06/2022,17:54:00,2039
2040,21/06/2022,18:03:38,2040
2041,22/06/2022,05:22:15,2041
2042,22/06/2022,06:03:03,2042
2043,22/06/2022,06:04:03,2043
2044,22/06/2022,15:55:46,2044
2045,22/06/2022,16:50:35,2045
2046,22/06/2022,16:53:27,2046
2047,22/06/2022,23:29:13,2047
2048,22/06/2022,23:31:41,2048
2049,22/06/2022,23:31:48,2049
2050,22/06/2022,23:33:20,2050
2051,22/06/2022,23:34:54,2051
2052,22/06/2022,23:36:21,2052
2053,22/06/2022,23:36:39,2053
2054,23/06/2022,14:06:36,2054
2055,23/06/2022,14:09:19,2055
2056,24/06/2022,10:49:51,2056
2057,24/06/2022,10:53:33,2057
2058,24/06/2022,14:58:38,2058
2059,24/06/2022,15:01:10,2059
2060,25/06/2022,06:54:22,2060
2061,25/06/2022,10:48:47,2061
2062,25/06/2022,10:55:57,2062
2063,25/06/2022,11:00:24,2063
2064,25/06/2022,11:01:04,2064
2065,25/06/2022,11:01:10,2065
2066,25/06/2022,11:06:09,2066
2067,25/06/2022,11:06:39,2067
2068,25/06/2022,11:11:13,2068
2069,25/06/2022,11:12:34,2069
2070,25/06/2022,11:12:48,2070
2071,25/06/2022,11:19:43,2071
2072,25/06/2022,11:29:39,2072
2073,25/06/2022,13:51:09,2073
2074,25/06/2022,15:53:13,2074
2075,25/06/2022,15:55:40,2075
2076,25/06/2022,16:07:40,2076
2077,25/06/2022,16:18:21,2077
2078,25/06/2022,16:35:31,2078
2079,25/06/2022,16:35:39,2079
2080,25/06/2022,17:24:17,2080
2081,25/06/2022,17:26:18,2081
2082,25/06/2022,17:27:09,2082
2083,25/06/2022,18:15:07,2083
2084,25/06/2022,19:03:35,2084
2085,25/06/2022,19:04:06,2085
2086,26/06/2022,07:12:42,2086
2087,26/06/2022,07:18:57,2087
2088,26/06/2022,07:34:19,2088
2089,26/06/2022,07:34:29,2089
2090,26/06/2022,17:55:42,2090
2091,26/06/2022,17:59:42,2091
2092,26/06/2022,18:00:08,2092
2093,27/06/2022,05:17:42,2093
2094,27/06/2022,05:21:27,2094
2095,27/06/2022,05:22:28,2095
2096,27/06/2022,11:39:38,2096
2097,27/06/2022,11:40:04,2097
2098,27/06/2022,16:26:18,2098
2099,27/06/2022,16:27:17,2099
2100,27/06/2022,16:27:29,2100
2101,27/06/2022,16:30:48,2101
2102,27/06/2022,16:30:54,2102
2103,27/06/2022,16:52:10,2103
2104,27/06/2022,20:22:52,2104
2105,28/06/2022,05:18:25,2105
2106,28/06/2022,05:22:57,2106
2107,28/06/2022,05:58:21,2107
2108,28/06/2022,11:05:29,2108
2109,28/06/2022,14:50:47,2109
2110,28/06/2022,14:55:40,2110
2111,28/06/2022,18:12:53,2111
2112,28/06/2022,18:15:28,2112
2113,29/06/2022,09:18:07,2113
2114,29/06/2022,15:34:41,2114
2115,29/06/2022,15:53:05,2115
2116,29/06/2022,15:58:20,2116
2117,29/06/2022,15:59:41,2117
2118,29/06/2022,16:20:48,2118
2119,29/06/2022,16:56:50,2119
2120,29/06/2022,17:00:55,2120
2121,30/06/2022,13:21:41,2121
2122,30/06/2022,13:34:25,2122
2123,30/06/2022,13:37:21,2123
2124,01/07/2022,02:36:59,2124
2125,01/07/2022,07:19:32,2125
2126,01/07/2022,11:04:34,2126
2127,01/07/2022,11:05:43,2127
2128,01/07/2022,11:06:25,2128
2129,01/07/2022,14:01:28,2129
2130,02/07/2022,07:23:45,2130
2131,02/07/2022,07:26:03,2131
2132,02/07/2022,07:26:19,2132
2133,02/07/2022,07:29:57,2133
2134,02/07/2022,21:04:30,2134
2135,02/07/2022,21:20:23,2135
2136,02/07/2022,21:20:53,2136
2137,04/07/2022,14:37:06,2137
2138,05/07/2022,11:28:33,2138
2139,05/07/2022,15:51:16,2139
2140,05/07/2022,16:30:10,2140
2141,05/07/2022,17:14:14,2141
2142,05/07/2022,17:14:48,2142
2143,07/07/2022,00:28:54,2143
2144,07/07/2022,00:29:40,2144
2145,07/07/2022,00:30:54,2145
2146,07/07/2022,00:32:08,2146
2147,07/07/2022,00:32:35,2147
2148,07/07/2022,00:33:09,2148
2149,07/07/2022,00:34:00,2149
2150,07/07/2022,00:34:33,2150
2151,07/07/2022,00:34:59,2151
2152,07/07/2022,00:35:18,2152
2153,07/07/2022,00:35:43,2153
2154,07/07/2022,00:51:40,2154
2155,07/07/2022,00:54:54,2155
2156,07/07/2022,02:03:17,2156
2157,07/07/2022,04:16:29,2157
2158,07/07/2022,05:42:32,2158
2159,07/07/2022,12:23:09,2159
2160,07/07/2022,12:25:12,2160
2161,07/07/2022,15:13:49,2161
2162,07/07/2022,15:50:26,2162
2163,07/07/2022,15:51:34,2163
2164,07/07/2022,15:53:08,2164
2165,07/07/2022,16:11:01,2165
2166,07/07/2022,18:13:56,2166
2167,07/07/2022,18:14:34,2167
2168,08/07/2022,06:17:06,2168
2169,08/07/2022,06:23:34,2169
2170,08/07/2022,07:27:11,2170
2171,08/07/2022,08:06:21,2171
2172,08/07/2022,08:10:46,2172
2173,08/07/2022,12:46:42,2173
2174,08/07/2022,12:54:30,2174
2175,08/07/2022,12:54:44,2175
2176,08/07/2022,14:57:25,2176
2177,08/07/2022,14:59:07,2177
2178,08/07/2022,16:09:16,2178
2179,08/07/2022,16:09:52,2179
2180,08/07/2022,17:42:45,2180
2181,08/07/2022,17:45:00,2181
2182,08/07/2022,18:57:21,2182
2183,09/07/2022,02:08:36,2183
2184,09/07/2022,03:01:53,2184
2185,09/07/2022,03:21:54,2185
2186,09/07/2022,03:22:01,2186
2187,09/07/2022,09:04:19,2187
2188,09/07/2022,11:44:58,2188
2189,09/07/2022,13:53:42,2189
2190,09/07/2022,15:06:17,2190
2191,09/07/2022,15:08:14,2191
2192,10/07/2022,05:53:13,2192
2193,10/07/2022,06:00:04,2193
2194,10/07/2022,06:00:18,2194
2195,10/07/2022,06:01:28,2195
2196,10/07/2022,10:36:23,2196
2197,10/07/2022,10:37:20,2197
2198,10/07/2022,10:37:30,2198
2199,10/07/2022,10:38:09,2199
2200,10/07/2022,18:46:47,2200
2201,10/07/2022,18:47:08,2201
2202,11/07/2022,02:05:09,2202
2203,11/07/2022,02:05:09,2203
2204,11/07/2022,05:18:47,2204
2205,11/07/2022,05:22:58,2205
2206,11/07/2022,12:12:11,2206
2207,11/07/2022,12:12:48,2207
2208,11/07/2022,17:23:51,2208
2209,11/07/2022,19:08:12,2209
2210,12/07/2022,04:19:43,2210
2211,12/07/2022,04:29:27,2211
2212,12/07/2022,05:18:58,2212
2213,12/07/2022,05:23:11,2213
2214,12/07/2022,05:53:57,2214
2215,12/07/2022,10:15:01,2215
2216,12/07/2022,11:34:55,2216
2217,12/07/2022,16:06:48,2217
2218,12/07/2022,16:11:42,2218
2219,12/07/2022,16:14:20,2219
2220,12/07/2022,16:15:16,2220
2221,12/07/2022,16:16:40,2221
2222,13/07/2022,04:48:30,2222
2223,13/07/2022,04:50:46,2223
2224,13/07/2022,04:51:23,2224
2225,13/07/2022,04:55:33,2225
2226,13/07/2022,05:18:34,2226
2227,13/07/2022,05:23:03,2227
2228,13/07/2022,05:58:08,2228
2229,13/07/2022,12:18:19,2229
2230,13/07/2022,15:57:44,2230
2231,13/07/2022,16:31:19,2231
2232,13/07/2022,16:32:04,2232
2233,13/07/2022,16:36:23,2233
2234,14/07/2022,13:46:53,2234
2235,15/07/2022,12:52:32,2235
2236,15/07/2022,13:43:39,2236
2237,15/07/2022,13:46:08,2237
2238,15/07/2022,13:47:36,2238
2239,15/07/2022,16:31:54,2239
2240,15/07/2022,22:18:07,2240
2241,16/07/2022,08:30:28,2241
2242,16/07/2022,08:50:29,2242
2243,16/07/2022,08:52:35,2243
2244,16/07/2022,09:56:28,2244
2245,16/07/2022,09:56:42,2245
2246,16/07/2022,09:58:28,2246
2247,16/07/2022,10:35:49,2247
2248,16/07/2022,10:36:08,2248
2249,16/07/2022,10:36:33,2249
2250,16/07/2022,11:53:24,2250
2251,16/07/2022,11:56:11,2251
2252,16/07/2022,16:48:48,2252
2253,16/07/2022,17:55:38,2253
2254,16/07/2022,19:39:25,2254
2255,16/07/2022,20:01:31,2255
2256,16/07/2022,20:05:53,2256
2257,16/07/2022,20:06:21,2257
2258,17/07/2022,08:31:09,2258
2259,18/07/2022,05:23:48,2259
2260,18/07/2022,05:28:12,2260
2261,18/07/2022,11:58:02,2261
2262,18/07/2022,16:44:00,2262
2263,19/07/2022,04:53:43,2263
2264,19/07/2022,05:19:52,2264
2265,19/07/2022,05:23:19,2265
2266,19/07/2022,05:25:40,2266
2267,19/07/2022,10:39:21,2267
2268,19/07/2022,18:21:53,2268
2269,19/07/2022,18:23:31,2269
2270,19/07/2022,18:24:03,2270
2271,20/07/2022,05:24:08,2271
2272,20/07/2022,05:29:05,2272
2273,20/07/2022,11:31:08,2273
2274,20/07/2022,11:54:07,2274
2275,20/07/2022,11:55:26,2275
2276,20/07/2022,15:44:46,2276
2277,21/07/2022,01:24:51,2277
2278,21/07/2022,01:25:36,2278
2279,21/07/2022,01:25:45,2279
2280,21/07/2022,01:26:06,2280
2281,21/07/2022,02:28:45,2281
2282,21/07/2022,02:29:26,2282
2283,21/07/2022,02:29:52,2283
2284,21/07/2022,02:35:39,2284
2285,21/07/2022,02:36:36,2285
2286,21/07/2022,11:49:29,2286
2287,21/07/2022,14:08:14,2287
2288,21/07/2022,14:24:33,2288
2289,21/07/2022,14:24:55,2289
2290,21/07/2022,14:25:34,2290
2291,21/07/2022,14:34:23,2291
2292,21/07/2022,15:13:28,2292
2293,21/07/2022,15:14:52,2293
2294,21/07/2022,15:15:33,2294
2295,21/07/2022,16:31:19,2295
2296,21/07/2022,16:43:28,2296
2297,21/07/2022,16:44:18,2297
2298,21/07/2022,16:45:44,2298
2299,22/07/2022,10:31:51,2299
2300,22/07/2022,13:17:36,2300
2301,22/07/2022,14:00:18,2301
2302,22/07/2022,14:00:35,2302
2303,22/07/2022,14:01:50,2303
2304,22/07/2022,17:48:04,2304
2305,22/07/2022,17:51:51,2305
2306,22/07/2022,17:52:02,2306
2307,23/07/2022,03:23:56,2307
2308,23/07/2022,04:01:22,2308
2309,23/07/2022,08:37:27,2309
2310,23/07/2022,08:40:50,2310
2311,23/07/2022,09:09:31,2311
2312,23/07/2022,09:10:56,2312
2313,23/07/2022,19:20:10,2313
2314,23/07/2022,19:57:43,2314
2315,24/07/2022,06:24:49,2315
2316,25/07/2022,04:47:25,2316
2317,25/07/2022,05:18:22,2317
2318,25/07/2022,15:53:00,2318
2319,25/07/2022,18:16:03,2319
2320,25/07/2022,18:17:36,2320
2321,26/07/2022,05:17:12,2321
2322,26/07/2022,13:50:07,2322
2323,26/07/2022,13:52:21,2323
2324,26/07/2022,16:07:43,2324
2325,27/07/2022,02:07:34,2325
2326,27/07/2022,02:07:47,2326
2327,27/07/2022,14:20:33,2327
2328,27/07/2022,14:22:52,2328
2329,28/07/2022,04:47:00,2329
2330,28/07/2022,05:41:04,2330
2331,29/07/2022,06:39:05,2331
2332,01/08/2022,07:18:53,2332
2333,02/08/2022,02:48:31,2333
2334,02/08/2022,04:46:43,2334
2335,02/08/2022,05:33:36,2335
2336,03/08/2022,15:08:39,2336
2337,03/08/2022,23:32:59,2337
2338,03/08/2022,23:34:45,2338
2339,03/08/2022,23:35:52,2339
2340,03/08/2022,23:38:29,2340
2341,03/08/2022,23:38:49,2341
2342,04/08/2022,04:47:49,2342
2343,04/08/2022,05:14:20,2343
2344,04/08/2022,05:16:16,2344
2345,04/08/2022,05:18:02,2345
2346,04/08/2022,05:35:03,2346
2347,04/08/2022,10:14:26,2347
2348,04/08/2022,12:59:28,2348
2349,04/08/2022,14:36:18,2349
2350,04/08/2022,17:45:41,2350
2351,04/08/2022,17:46:09,2351
2352,05/08/2022,02:33:13,2352
2353,05/08/2022,02:34:33,2353
2354,05/08/2022,08:24:17,2354
2355,05/08/2022,11:36:50,2355
2356,05/08/2022,15:50:11,2356
2357,05/08/2022,15:54:26,2357
2358,05/08/2022,16:04:30,2358
2359,05/08/2022,16:05:18,2359
2360,05/08/2022,17:51:25,2360
2361,05/08/2022,17:51:33,2361
2362,05/08/2022,17:52:43,2362
2363,06/08/2022,00:35:03,2363
2364,06/08/2022,02:12:36,2364
2365,06/08/2022,02:12:50,2365
2366,06/08/2022,10:56:12,2366
2367,06/08/2022,10:56:19,2367
2368,06/08/2022,10:56:24,2368
2369,06/08/2022,10:56:44,2369
2370,06/08/2022,14:18:49,2370
2371,06/08/2022,14:28:02,2371
2372,06/08/2022,14:31:43,2372
2373,06/08/2022,14:57:24,2373
2374,07/08/2022,08:20:29,2374
2375,07/08/2022,08:20:53,2375
2376,07/08/2022,13:44:08,2376
2377,07/08/2022,13:44:36,2377
2378,07/08/2022,13:46:20,2378
2379,07/08/2022,13:47:21,2379
2380,07/08/2022,17:17:56,2380
2381,07/08/2022,17:21:10,2381
2382,07/08/2022,17:21:45,2382
2383,08/08/2022,13:58:48,2383
2384,08/08/2022,13:59:32,2384
2385,08/08/2022,14:01:54,2385
2386,09/08/2022,07:29:25,2386
2387,09/08/2022,13:50:40,2387
2388,09/08/2022,13:52:18,2388
2389,10/08/2022,07:37:12,2389
2390,10/08/2022,14:54:58,2390
2391,10/08/2022,15:28:04,2391
2392,10/08/2022,15:29:23,2392
2393,11/08/2022,06:34:46,2393
2394,11/08/2022,16:21:57,2394
2395,11/08/2022,16:27:46,2395
2396,11/08/2022,16:29:17,2396
2397,11/08/2022,16:54:32,2397
2398,11/08/2022,16:55:16,2398
2399,11/08/2022,18:45:31,2399
2400,11/08/2022,23:43:58,2400
2401,11/08/2022,23:45:00,2401
2402,11/08/2022,23:48:07,2402
2403,12/08/2022,02:29:47,2403
2404,12/08/2022,02:31:48,2404
2405,12/08/2022,04:32:15,2405
2406,12/08/2022,07:18:49,2406
2407,12/08/2022,11:34:16,2407
2408,12/08/2022,13:44:08,2408
2409,12/08/2022,13:56:12,2409
2410,12/08/2022,13:57:42,2410
2411,12/08/2022,13:59:17,2411
2412,12/08/2022,14:37:25,2412
2413,12/08/2022,14:39:46,2413
2414,12/08/2022,14:43:46,2414
2415,13/08/2022,08:50:41,2415
2416,13/08/2022,11:46:16,2416
2417,13/08/2022,12:10:13,2417
2418,13/08/2022,21:03:20,2418
2419,13/08/2022,21:27:22,2419
2420,13/08/2022,21:28:00,2420
2421,13/08/2022,21:30:55,2421
2422,14/08/2022,06:19:43,2422
2423,14/08/2022,06:56:04,2423
2424,15/08/2022,07:30:04,2424
2425,15/08/2022,13:41:56,2425
2426,15/08/2022,14:50:48,2426
2427,15/08/2022,14:55:18,2427
2428,15/08/2022,14:55:48,2428
2429,15/08/2022,22:18:08,2429
2430,16/08/2022,07:28:05,2430
2431,16/08/2022,08:12:42,2431
2432,16/08/2022,13:56:50,2432
2433,17/08/2022,02:40:35,2433
2434,17/08/2022,13:58:10,2434
2435,17/08/2022,14:01:11,2435
2436,18/08/2022,01:23:39,2436
2437,18/08/2022,01:24:40,2437
2438,18/08/2022,01:25:04,2438
2439,18/08/2022,01:25:13,2439
2440,18/08/2022,02:23:30,2440
2441,18/08/2022,02:24:19,2441
2442,18/08/2022,02:24:42,2442
2443,18/08/2022,02:26:35,2443
2444,18/08/2022,02:39:48,2444
2445,18/08/2022,13:55:45,2445
2446,18/08/2022,13:56:04,2446
2447,18/08/2022,14:32:52,2447
2448,18/08/2022,14:33:20,2448
2449,18/08/2022,14:40:22,2449
2450,18/08/2022,14:41:55,2450
2451,18/08/2022,14:42:33,2451
2452,18/08/2022,14:44:14,2452
2453,18/08/2022,14:52:41,2453
2454,18/08/2022,14:53:11,2454
2455,18/08/2022,15:27:56,2455
2456,18/08/2022,15:30:43,2456
2457,18/08/2022,15:31:11,2457
2458,18/08/2022,15:39:47,2458
2459,18/08/2022,16:39:56,2459
2460,18/08/2022,16:44:49,2460
2461,19/08/2022,01:25:01,2461
2462,19/08/2022,07:08:08,2462
2463,19/08/2022,14:44:52,2463
2464,19/08/2022,14:51:00,2464
2465,20/08/2022,06:28:14,2465
2466,20/08/2022,06:28:37,2466
2467,20/08/2022,09:52:41,2467
2468,20/08/2022,09:55:23,2468
2469,20/08/2022,10:09:11,2469
2470,20/08/2022,10:10:06,2470
2471,20/08/2022,10:10:13,2471
2472,20/08/2022,11:18:47,2472
2473,20/08/2022,13:25:43,2473
2474,20/08/2022,13:26:36,2474
2475,20/08/2022,13:27:12,2475
2476,20/08/2022,16:32:10,2476
2477,20/08/2022,16:40:59,2477
2478,20/08/2022,16:45:30,2478
2479,20/08/2022,16:50:52,2479
2480,20/08/2022,17:35:11,2480
2481,20/08/2022,17:40:57,2481
2482,20/08/2022,17:42:21,2482
2483,20/08/2022,19:05:58,2483
2484,20/08/2022,19:21:23,2484
2485,20/08/2022,19:22:59,2485
2486,20/08/2022,19:37:31,2486
2487,20/08/2022,22:11:03,2487
2488,21/08/2022,07:17:45,2488
2489,21/08/2022,07:17:56,2489
2490,21/08/2022,07:30:59,2490
2491,21/08/2022,07:31:28,2491
2492,21/08/2022,08:09:40,2492
2493,21/08/2022,08:23:55,2493
2494,22/08/2022,13:17:57,2494
2495,22/08/2022,13:41:32,2495
2496,22/08/2022,13:43:30,2496
2497,22/08/2022,20:13:36,2497
2498,22/08/2022,21:09:41,2498
2499,23/08/2022,02:41:38,2499
2500,24/08/2022,02:40:19,2500
2501,24/08/2022,13:57:58,2501
2502,24/08/2022,13:59:27,2502
2503,24/08/2022,14:23:56,2503
2504,24/08/2022,14:28:41,2504
2505,24/08/2022,15:51:08,2505
2506,24/08/2022,17:47:59,2506
2507,24/08/2022,17:48:18,2507
2508,24/08/2022,17:50:09,2508
2509,25/08/2022,06:34:27,2509
2510,25/08/2022,06:38:53,2510
2511,25/08/2022,08:12:32,2511
2512,25/08/2022,08:14:02,2512
2513,25/08/2022,08:22:26,2513
2514,25/08/2022,08:24:34,2514
2515,25/08/2022,08:24:59,2515
2516,25/08/2022,13:31:38,2516
2517,25/08/2022,13:42:08,2517
2518,25/08/2022,14:23:56,2518
2519,26/08/2022,02:40:08,2519
2520,26/08/2022,07:39:16,2520
2521,26/08/2022,07:40:02,2521
2522,26/08/2022,15:40:22,2522
2523,26/08/2022,17:00:31,2523
2524,27/08/2022,08:21:23,2524
2525,27/08/2022,08:23:15,2525
2526,27/08/2022,16:02:02,2526
2527,28/08/2022,12:21:29,2527
2528,28/08/2022,13:00:01,2528
2529,28/08/2022,13:00:33,2529
2530,28/08/2022,13:01:33,2530
2531,29/08/2022,02:31:50,2531
2532,29/08/2022,02:32:15,2532
2533,29/08/2022,02:32:59,2533
2534,29/08/2022,02:33:19,2534
2535,29/08/2022,04:59:27,2535
2536,29/08/2022,07:55:56,2536
2537,29/08/2022,07:57:45,2537
2538,29/08/2022,16:55:45,2538
2539,29/08/2022,16:56:06,2539
2540,30/08/2022,02:19:30,2540
2541,30/08/2022,02:20:44,2541
2542,30/08/2022,02:24:00,2542
2543,30/08/2022,02:24:10,2543
2544,30/08/2022,02:25:17,2544
2545,30/08/2022,02:25:28,2545
2546,30/08/2022,02:29:35,2546
2547,30/08/2022,02:49:14,2547
2548,30/08/2022,14:20:19,2548
2549,30/08/2022,14:22:07,2549
2550,31/08/2022,02:11:51,2550
2551,31/08/2022,02:12:00,2551
2552,31/08/2022,02:12:16,2552
2553,31/08/2022,02:12:25,2553
2554,31/08/2022,02:42:46,2554
2555,31/08/2022,07:23:55,2555
2556,01/09/2022,02:04:47,2556
2557,01/09/2022,02:05:41,2557
2558,01/09/2022,02:06:13,2558
2559,01/09/2022,02:06:22,2559
2560,01/09/2022,02:06:33,2560
2561,01/09/2022,02:06:42,2561
2562,01/09/2022,02:08:00,2562
2563,01/09/2022,02:08:29,2563
2564,01/09/2022,07:19:06,2564
2565,01/09/2022,07:48:30,2565
2566,01/09/2022,14:08:26,2566
2567,01/09/2022,14:25:23,2567
2568,01/09/2022,14:37:56,2568
2569,01/09/2022,15:35:24,2569
2570,01/09/2022,15:37:50,2570
2571,01/09/2022,15:42:03,2571
2572,01/09/2022,15:44:26,2572
2573,01/09/2022,15:44:32,2573
2574,01/09/2022,15:44:40,2574
2575,01/09/2022,15:45:02,2575
2576,01/09/2022,15:46:24,2576
2577,01/09/2022,15:47:09,2577
2578,01/09/2022,15:47:46,2578
2579,01/09/2022,15:57:56,2579
2580,01/09/2022,15:58:24,2580
2581,01/09/2022,16:17:50,2581
2582,01/09/2022,16:20:46,2582
2583,01/09/2022,16:23:12,2583
2584,01/09/2022,16:23:19,2584
2585,01/09/2022,16:30:04,2585
2586,01/09/2022,16:43:30,2586
2587,01/09/2022,16:49:40,2587
2588,01/09/2022,16:50:19,2588
2589,02/09/2022,02:44:00,2589
2590,02/09/2022,04:18:29,2590
2591,02/09/2022,16:06:08,2591
2592,02/09/2022,16:07:45,2592
2593,02/09/2022,16:08:24,2593
2594,03/09/2022,09:23:49,2594
2595,03/09/2022,09:26:19,2595
2596,03/09/2022,12:42:59,2596
2597,03/09/2022,13:59:47,2597
2598,03/09/2022,14:12:35,2598
2599,03/09/2022,14:28:58,2599
2600,03/09/2022,14:32:00,2600
2601,03/09/2022,14:33:38,2601
2602,03/09/2022,14:40:04,2602
2603,04/09/2022,07:28:21,2603
2604,04/09/2022,14:13:15,2604
2605,04/09/2022,14:15:20,2605
2606,04/09/2022,14:15:44,2606
2607,04/09/2022,17:09:11,2607
2608,05/09/2022,02:06:25,2608
2609,05/09/2022,02:40:21,2609
2610,05/09/2022,14:02:54,2610
2611,05/09/2022,15:50:11,2611
2612,05/09/2022,16:06:57,2612
2613,06/09/2022,02:41:46,2613
2614,06/09/2022,05:28:21,2614
2615,06/09/2022,05:31:16,2615
2616,06/09/2022,15:10:39,2616
2617,06/09/2022,15:15:12,2617
2618,07/09/2022,05:54:25,2618
2619,07/09/2022,14:45:14,2619
2620,07/09/2022,14:47:51,2620
2621,08/09/2022,02:41:17,2621
2622,08/09/2022,10:47:10,2622
2623,08/09/2022,14:42:27,2623
2624,08/09/2022,16:27:55,2624
2625,08/09/2022,16:33:19,2625
2626,09/09/2022,02:35:03,2626
2627,09/09/2022,02:40:01,2627
2628,09/09/2022,04:32:23,2628
2629,10/09/2022,08:40:07,2629
2630,10/09/2022,08:43:46,2630
2631,10/09/2022,13:26:37,2631
2632,10/09/2022,13:34:26,2632
2633,11/09/2022,05:36:47,2633
2634,11/09/2022,05:52:15,2634
2635,11/09/2022,05:57:26,2635
2636,11/09/2022,07:58:42,2636
2637,11/09/2022,10:20:13,2637
2638,11/09/2022,10:20:57,2638
2639,11/09/2022,18:28:37,2639
2640,11/09/2022,19:08:47,2640
2641,11/09/2022,19:31:21,2641
2642,12/09/2022,04:00:28,2642
2643,12/09/2022,04:27:41,2643
2644,12/09/2022,04:28:06,2644
2645,12/09/2022,07:40:04,2645
2646,12/09/2022,16:26:37,2646
2647,12/09/2022,16:26:49,2647
2648,12/09/2022,16:30:25,2648
2649,12/09/2022,16:31:01,2649
2650,12/09/2022,20:41:59,2650
2651,12/09/2022,20:42:03,2651
2652,13/09/2022,08:30:37,2652
2653,13/09/2022,08:32:38,2653
2654,13/09/2022,16:35:45,2654
2655,13/09/2022,19:44:39,2655
2656,14/09/2022,04:51:34,2656
2657,14/09/2022,14:16:59,2657
2658,14/09/2022,14:19:29,2658
2659,14/09/2022,15:50:55,2659
2660,15/09/2022,01:29:53,2660
2661,15/09/2022,01:30:17,2661
2662,15/09/2022,01:31:02,2662
2663,15/09/2022,01:31:32,2663
2664,15/09/2022,01:35:29,2664
2665,15/09/2022,04:39:58,2665
2666,15/09/2022,22:18:46,2666
2667,16/09/2022,15:02:23,2667
2668,16/09/2022,15:07:05,2668
2669,16/09/2022,15:11:20,2669
2670,16/09/2022,15:13:36,2670
2671,17/09/2022,06:55:19,2671
2672,17/09/2022,07:01:22,2672
2673,17/09/2022,13:36:23,2673
2674,17/09/2022,13:39:29,2674
2675,17/09/2022,14:08:39,2675
2676,17/09/2022,14:16:52,2676
2677,17/09/2022,15:13:36,2677
2678,17/09/2022,15:59:40,2678
2679,18/09/2022,07:15:03,2679
2680,18/09/2022,07:21:29,2680
2681,18/09/2022,07:22:44,2681
2682,18/09/2022,17:19:12,2682
2683,18/09/2022,17:20:10,2683
2684,19/09/2022,07:20:55,2684
2685,19/09/2022,13:14:16,2685
2686,19/09/2022,17:53:12,2686
2687,19/09/2022,17:53:29,2687
2688,20/09/2022,04:16:59,2688
2689,20/09/2022,18:36:41,2689
2690,20/09/2022,19:09:38,2690
2691,21/09/2022,07:39:42,2691
2692,21/09/2022,12:07:08,2692
2693,21/09/2022,18:28:10,2693
2694,22/09/2022,06:47:11,2694
2695,22/09/2022,12:05:47,2695
2696,22/09/2022,12:07:10,2696
2697,22/09/2022,15:10:31,2697
2698,22/09/2022,15:23:32,2698
2699,22/09/2022,15:42:04,2699
2700,22/09/2022,15:55:00,2700
2701,22/09/2022,20:01:53,2701
2702,23/09/2022,17:31:20,2702
2703,24/09/2022,04:55:26,2703
2704,24/09/2022,13:53:03,2704
2705,24/09/2022,14:05:49,2705
2706,24/09/2022,16:52:48,2706
2707,25/09/2022,05:38:49,2707
2708,25/09/2022,08:03:40,2708
2709,25/09/2022,13:10:58,2709
2710,26/09/2022,07:11:57,2710
2711,26/09/2022,08:38:13,2711
2712,26/09/2022,19:08:47,2712
2713,27/09/2022,06:28:00,2713
2714,27/09/2022,08:46:06,2714
2715,27/09/2022,09:24:34,2715
2716,27/09/2022,09:28:34,2716
2717,27/09/2022,10:06:48,2717
2718,27/09/2022,10:56:13,2718
2719,28/09/2022,02:24:44,2719
2720,28/09/2022,09:28:13,2720
2721,28/09/2022,09:42:54,2721
2722,28/09/2022,10:03:11,2722
2723,28/09/2022,23:27:18,2723
2724,28/09/2022,23:28:11,2724
2725,28/09/2022,23:28:18,2725
2726,28/09/2022,23:29:47,2726
2727,28/09/2022,23:30:10,2727
2728,29/09/2022,06:31:34,2728
2729,29/09/2022,06:31:47,2729
2730,29/09/2022,06:37:42,2730
2731,29/09/2022,06:51:16,2731
2732,29/09/2022,10:23:12,2732
2733,29/09/2022,10:23:59,2733
2734,29/09/2022,10:25:32,2734
2735,29/09/2022,16:09:28,2735
2736,29/09/2022,16:10:32,2736
2737,30/09/2022,15:09:43,2737
2738,30/09/2022,15:20:10,2738
2739,01/10/2022,05:48:50,2739
2740,01/10/2022,07:18:55,2740
2741,01/10/2022,14:50:18,2741
2742,02/10/2022,01:06:52,2742
2743,02/10/2022,05:02:11,2743
2744,02/10/2022,13:00:47,2744
2745,02/10/2022,13:20:12,2745
2746,02/10/2022,15:17:19,2746
2747,02/10/2022,15:23:32,2747
2748,02/10/2022,15:24:27,2748
2749,03/10/2022,07:16:57,2749
2750,03/10/2022,07:19:53,2750
2751,03/10/2022,11:08:07,2751
2752,03/10/2022,11:48:18,2752
2753,03/10/2022,11:53:20,2753
2754,03/10/2022,11:54:54,2754
2755,03/10/2022,13:49:40,2755
2756,03/10/2022,14:16:50,2756
2757,03/10/2022,14:18:17,2757
2758,03/10/2022,19:15:34,2758
2759,03/10/2022,19:20:06,2759
2760,03/10/2022,20:13:13,2760
2761,04/10/2022,06:22:59,2761
2762,04/10/2022,06:23:32,2762
2763,05/10/2022,08:56:30,2763
2764,05/10/2022,09:40:48,2764
2765,05/10/2022,09:55:55,2765
2766,05/10/2022,09:56:07,2766
2767,05/10/2022,09:56:17,2767
2768,05/10/2022,15:43:25,2768
2769,05/10/2022,15:44:32,2769
2770,05/10/2022,15:50:08,2770
2771,06/10/2022,07:48:20,2771
2772,09/10/2022,14:49:48,2772
2773,10/10/2022,15:03:02,2773
2774,10/10/2022,15:08:04,2774
2775,10/10/2022,15:11:25,2775
2776,11/10/2022,02:02:46,2776
2777,11/10/2022,02:02:46,2777
2778,11/10/2022,07:02:50,2778
2779,11/10/2022,11:34:01,2779
2780,11/10/2022,11:47:49,2780
2781,11/10/2022,14:13:38,2781
2782,11/10/2022,14:14:23,2782
2783,11/10/2022,14:14:43,2783
2784,11/10/2022,19:21:17,2784
2785,11/10/2022,21:24:38,2785
2786,12/10/2022,06:19:02,2786
2787,12/10/2022,06:20:03,2787
2788,12/10/2022,07:28:37,2788
2789,12/10/2022,07:46:05,2789
2790,13/10/2022,00:03:57,2790
2791,13/10/2022,00:04:56,2791
2792,13/10/2022,00:05:07,2792
2793,13/10/2022,00:06:34,2793
2794,13/10/2022,00:06:56,2794
2795,13/10/2022,00:08:23,2795
2796,13/10/2022,00:09:02,2796
2797,13/10/2022,00:09:09,2797
2798,13/10/2022,07:44:02,2798
2799,13/10/2022,17:06:23,2799
2800,13/10/2022,17:08:16,2800
2801,13/10/2022,18:38:10,2801
2802,13/10/2022,18:43:26,2802
2803,13/10/2022,18:44:40,2803
2804,13/10/2022,18:46:05,2804
2805,14/10/2022,07:46:58,2805
2806,14/10/2022,07:48:12,2806
2807,15/10/2022,13:35:24,2807
2808,15/10/2022,13:49:35,2808
2809,15/10/2022,13:51:21,2809
2810,15/10/2022,15:20:50,2810
2811,15/10/2022,15:21:00,2811
2812,15/10/2022,15:22:33,2812
2813,15/10/2022,18:39:11,2813
2814,15/10/2022,18:42:11,2814
2815,15/10/2022,22:18:57,2815
2816,16/10/2022,02:09:59,2816
2817,16/10/2022,08:00:10,2817
2818,16/10/2022,08:27:52,2818
2819,16/10/2022,16:47:43,2819
2820,16/10/2022,18:07:44,2820
2821,16/10/2022,18:08:29,2821
2822,17/10/2022,01:52:12,2822
2823,17/10/2022,13:57:39,2823
2824,17/10/2022,16:01:17,2824
2825,17/10/2022,16:01:32,2825
2826,18/10/2022,09:20:27,2826
2827,18/10/2022,09:22:02,2827
2828,18/10/2022,11:47:12,2828
2829,18/10/2022,12:02:35,2829
2830,18/10/2022,12:06:54,2830
2831,18/10/2022,19:19:16,2831
2832,18/10/2022,19:19:31,2832
2833,19/10/2022,14:56:25,2833
2834,19/10/2022,15:03:59,2834
2835,20/10/2022,04:25:05,2835
2836,20/10/2022,05:17:39,2836
2837,20/10/2022,05:26:08,2837
2838,20/10/2022,07:44:58,2838
2839,20/10/2022,12:06:40,2839
2840,20/10/2022,15:23:29,2840
2841,20/10/2022,15:27:25,2841
2842,20/10/2022,18:11:26,2842
2843,21/10/2022,08:18:23,2843
2844,22/10/2022,14:09:29,2844
2845,22/10/2022,14:17:44,2845
2846,22/10/2022,20:13:25,2846
2847,23/10/2022,06:54:13,2847
2848,23/10/2022,11:31:27,2848
2849,23/10/2022,11:31:31,2849
2850,23/10/2022,11:32:27,2850
2851,23/10/2022,11:33:08,2851
2852,23/10/2022,11:37:14,2852
2853,24/10/2022,07:33:00,2853
2854,24/10/2022,15:53:30,2854
2855,25/10/2022,18:46:35,2855
2856,25/10/2022,19:09:48,2856
2857,25/10/2022,19:18:34,2857
2858,25/10/2022,19:24:04,2858
2859,26/10/2022,07:25:46,2859
2860,26/10/2022,08:18:53,2860
2861,26/10/2022,08:29:27,2861
2862,26/10/2022,09:00:48,2862
2863,26/10/2022,23:11:26,2863
2864,26/10/2022,23:12:24,2864
2865,26/10/2022,23:12:46,2865
2866,26/10/2022,23:12:59,2866
2867,26/10/2022,23:13:07,2867
2868,26/10/2022,23:13:50,2868
2869,26/10/2022,23:15:07,2869
2870,26/10/2022,23:15:31,2870
2871,27/10/2022,06:57:15,2871
2872,27/10/2022,06:59:56,2872
2873,27/10/2022,08:10:37,2873
2874,27/10/2022,08:18:18,2874
2875,27/10/2022,08:29:24,2875
2876,27/10/2022,11:43:18,2876
2877,27/10/2022,11:55:55,2877
2878,27/10/2022,15:51:36,2878
2879,27/10/2022,18:30:27,2879
2880,27/10/2022,18:31:30,2880
2881,28/10/2022,08:00:47,2881
2882,28/10/2022,08:00:57,2882
2883,28/10/2022,08:01:48,2883
2884,28/10/2022,17:12:12,2884
2885,28/10/2022,17:20:21,2885
2886,29/10/2022,02:28:01,2886
2887,29/10/2022,02:28:30,2887
2888,30/10/2022,14:21:23,2888
2889,30/10/2022,14:21:30,2889
2890,30/10/2022,14:25:38,2890
2891,30/10/2022,17:14:30,2891
2892,30/10/2022,17:22:41,2892
2893,30/10/2022,19:54:48,2893
2894,30/10/2022,20:00:36,2894
2895,30/10/2022,20:00:56,2895
2896,31/10/2022,19:05:36,2896
2897,31/10/2022,19:09:51,2897
2898,31/10/2022,19:40:38,2898
2899,01/11/2022,07:19:10,2899
2900,03/11/2022,09:36:05,2900
2901,03/11/2022,10:22:57,2901
2902,03/11/2022,10:54:14,2902
2903,03/11/2022,15:33:45,2903
2904,03/11/2022,16:00:12,2904
2905,03/11/2022,17:00:21,2905
2906,04/11/2022,09:07:16,2906
2907,04/11/2022,13:38:24,2907
2908,04/11/2022,15:34:05,2908
2909,04/11/2022,15:44:21,2909
2910,04/11/2022,18:30:02,2910
2911,05/11/2022,15:49:53,2911
2912,05/11/2022,16:16:36,2912
2913,06/11/2022,10:05:51,2913
2914,06/11/2022,10:08:13,2914
2915,06/11/2022,17:14:57,2915
2916,07/11/2022,08:29:12,2916
2917,08/11/2022,12:11:08,2917
2918,08/11/2022,12:11:35,2918
2919,09/11/2022,19:11:37,2919
2920,10/11/2022,03:02:37,2920
2921,10/11/2022,03:02:37,2921
2922,10/11/2022,04:35:58,2922
2923,10/11/2022,04:37:51,2923
2924,10/11/2022,04:38:08,2924
2925,10/11/2022,04:38:31,2925
2926,10/11/2022,04:39:04,2926
2927,10/11/2022,04:39:11,2927
2928,10/11/2022,04:39:28,2928
2929,10/11/2022,04:41:27,2929
2930,10/11/2022,04:47:16,2930
2931,10/11/2022,04:48:38,2931
2932,10/11/2022,04:49:52,2932
2933,10/11/2022,04:51:16,2933
2934,10/11/2022,04:52:32,2934
2935,10/11/2022,04:54:16,2935
2936,10/11/2022,04:54:22,2936
2937,10/11/2022,04:55:32,2937
2938,10/11/2022,04:58:45,2938
2939,10/11/2022,06:26:08,2939
2940,10/11/2022,06:26:43,2940
2941,10/11/2022,09:30:33,2941
2942,10/11/2022,09:34:32,2942
2943,10/11/2022,16:27:55,2943
2944,10/11/2022,16:34:54,2944
2945,11/11/2022,19:11:22,2945
2946,12/11/2022,04:05:24,2946
2947,12/11/2022,05:26:20,2947
2948,12/11/2022,14:14:31,2948
2949,12/11/2022,14:57:23,2949
2950,12/11/2022,16:10:58,2950
2951,13/11/2022,05:56:46,2951
2952,13/11/2022,11:49:08,2952
2953,13/11/2022,15:05:44,2953
2954,13/11/2022,20:10:43,2954
2955,14/11/2022,09:18:17,2955
2956,14/11/2022,09:22:37,2956
2957,14/11/2022,09:31:27,2957
2958,15/11/2022,11:29:26,2958
2959,15/11/2022,11:29:54,2959
2960,15/11/2022,23:18:18,2960
2961,16/11/2022,09:13:03,2961
2962,16/11/2022,09:21:11,2962
2963,16/11/2022,19:55:21,2963
2964,16/11/2022,19:55:38,2964
2965,17/11/2022,01:53:25,2965
2966,17/11/2022,06:57:25,2966
2967,17/11/2022,06:57:47,2967
2968,17/11/2022,06:58:04,2968
2969,17/11/2022,06:58:14,2969
2970,17/11/2022,09:05:34,2970
2971,17/11/2022,10:28:45,2971
2972,17/11/2022,10:29:10,2972
2973,17/11/2022,10:29:17,2973
2974,17/11/2022,13:10:44,2974
2975,17/11/2022,15:58:58,2975
2976,17/11/2022,16:03:46,2976
2977,17/11/2022,16:09:14,2977
2978,17/11/2022,17:15:55,2978
2979,18/11/2022,03:25:12,2979
2980,18/11/2022,15:16:26,2980
2981,19/11/2022,15:25:11,2981
2982,19/11/2022,15:27:15,2982
2983,20/11/2022,03:53:39,2983
2984,20/11/2022,05:37:22,2984
2985,20/11/2022,11:11:32,2985
2986,20/11/2022,13:55:49,2986
2987,20/11/2022,13:56:51,2987
2988,21/11/2022,03:08:40,2988
2989,21/11/2022,05:30:53,2989
2990,21/11/2022,05:50:53,2990
2991,21/11/2022,12:53:54,2991
2992,22/11/2022,09:18:06,2992
2993,22/11/2022,09:18:20,2993
2994,22/11/2022,09:21:40,2994
2995,22/11/2022,09:21:54,2995
2996,22/11/2022,09:59:53,2996
2997,22/11/2022,10:02:31,2997
2998,22/11/2022,12:41:18,2998
2999,22/11/2022,13:19:38,2999
3000,22/11/2022,13:20:45,3000
3001,22/11/2022,15:37:53,3001
3002,22/11/2022,20:06:27,3002
3003,23/11/2022,10:41:30,3003
3004,23/11/2022,10:43:23,3004
3005,23/11/2022,11:55:51,3005
3006,24/11/2022,05:52:05,3006
3007,24/11/2022,05:52:30,3007
3008,24/11/2022,05:52:38,3008
3009,24/11/2022,05:53:55,3009
3010,24/11/2022,05:54:34,3010
3011,24/11/2022,05:55:46,3011
3012,24/11/2022,05:56:25,3012
3013,24/11/2022,05:59:21,3013
3014,24/11/2022,06:00:37,3014
3015,24/11/2022,06:01:45,3015
3016,24/11/2022,07:29:55,3016
3017,24/11/2022,07:40:39,3017
3018,24/11/2022,07:43:08,3018
3019,24/11/2022,10:16:25,3019
3020,25/11/2022,12:00:14,3020
3021,25/11/2022,14:57:48,3021
3022,25/11/2022,14:58:07,3022
3023,25/11/2022,14:59:59,3023
3024,25/11/2022,15:15:44,3024
3025,25/11/2022,15:30:10,3025
3026,25/11/2022,15:30:58,3026
3027,25/11/2022,16:13:28,3027
3028,25/11/2022,16:18:12,3028
3029,25/11/2022,16:20:07,3029
3030,27/11/2022,14:25:36,3030
3031,27/11/2022,14:27:31,3031
3032,27/11/2022,14:30:40,3032
3033,27/11/2022,17:26:10,3033
3034,28/11/2022,03:46:23,3034
3035,28/11/2022,03:47:34,3035
3036,29/11/2022,17:47:47,3036
3037,29/11/2022,17:48:06,3037
3038,29/11/2022,17:49:18,3038
3039,30/11/2022,09:16:33,3039
3040,30/11/2022,09:17:03,3040
3041,30/11/2022,09:23:23,3041
3042,30/11/2022,10:00:33,3042
3043,30/11/2022,10:00:44,3043
3044,30/11/2022,10:00:51,3044
3045,30/11/2022,11:51:00,3045
3046,30/11/2022,12:59:24,3046
3047,30/11/2022,13:01:13,3047
3048,30/11/2022,21:17:47,3048
3049,30/11/2022,21:18:53,3049
3050,01/12/2022,08:20:57,3050
3051,01/12/2022,09:26:46,3051
3052,01/12/2022,09:29:45,3052
3053,01/12/2022,12:00:51,3053
3054,01/12/2022,12:12:44,3054
3055,01/12/2022,17:35:29,3055
3056,01/12/2022,17:40:37,3056
3057,01/12/2022,17:45:04,3057
3058,01/12/2022,19:12:45,3058
3059,02/12/2022,14:54:03,3059
3060,02/12/2022,14:55:14,3060
3061,02/12/2022,16:47:43,3061
3062,02/12/2022,17:02:11,3062
3063,02/12/2022,18:04:10,3063
3064,02/12/2022,18:05:11,3064
3065,03/12/2022,08:18:31,3065
3066,03/12/2022,17:55:29,3066
3067,03/12/2022,17:56:36,3067
3068,04/12/2022,03:24:16,3068
3069,04/12/2022,14:22:48,3069
3070,04/12/2022,14:41:19,3070
3071,04/12/2022,15:09:28,3071
3072,04/12/2022,15:10:49,3072
3073,04/12/2022,15:30:56,3073
3074,04/12/2022,17:05:33,3074
3075,04/12/2022,17:06:42,3075
3076,05/12/2022,03:13:30,3076
3077,05/12/2022,03:13:36,3077
3078,05/12/2022,15:27:38,3078
3079,05/12/2022,15:50:09,3079
3080,05/12/2022,16:07:20,3080
3081,05/12/2022,16:09:08,3081
3082,05/12/2022,16:11:18,3082
3083,06/12/2022,06:03:38,3083
3084,06/12/2022,06:04:22,3084
3085,06/12/2022,11:44:10,3085
3086,06/12/2022,11:46:46,3086
3087,06/12/2022,12:28:25,3087
3088,06/12/2022,13:19:47,3088
3089,06/12/2022,13:21:48,3089
3090,06/12/2022,18:34:27,3090
3091,06/12/2022,18:46:56,3091
3092,07/12/2022,07:15:24,3092
3093,07/12/2022,07:15:48,3093
3094,07/12/2022,07:21:36,3094
3095,07/12/2022,07:25:18,3095
3096,07/12/2022,08:16:52,3096
3097,07/12/2022,08:17:56,3097
3098,07/12/2022,10:07:41,3098
3099,08/12/2022,07:59:39,3099
3100,08/12/2022,08:03:29,3100
3101,08/12/2022,08:05:10,3101
3102,08/12/2022,08:30:33,3102
3103,08/12/2022,08:31:42,3103
3104,08/12/2022,08:32:30,3104
3105,08/12/2022,08:32:39,3105
3106,08/12/2022,08:32:45,3106
3107,08/12/2022,08:33:19,3107
3108,08/12/2022,08:35:02,3108
3109,08/12/2022,13:22:03,3109
3110,08/12/2022,13:23:46,3110
3111,08/12/2022,13:53:56,3111
3112,08/12/2022,14:02:10,3112
3113,09/12/2022,05:42:29,3113
3114,09/12/2022,06:33:23,3114
3115,09/12/2022,17:11:14,3115
3116,09/12/2022,17:13:09,3116
3117,10/12/2022,08:56:45,3117
3118,10/12/2022,10:47:42,3118
3119,10/12/2022,10:49:03,3119
3120,10/12/2022,10:49:27,3120
3121,10/12/2022,11:31:19,3121
3122,10/12/2022,11:48:47,3122
3123,10/12/2022,11:56:44,3123
3124,10/12/2022,12:02:22,3124
3125,10/12/2022,12:07:53,3125
3126,10/12/2022,12:21:09,3126
3127,10/12/2022,14:37:42,3127
3128,11/12/2022,08:47:51,3128
3129,11/12/2022,15:00:55,3129
3130,11/12/2022,15:42:47,3130
3131,11/12/2022,18:52:19,3131
3132,12/12/2022,03:08:20,3132
3133,12/12/2022,03:08:20,3133
3134,12/12/2022,03:57:07,3134
3135,12/12/2022,03:57:39,3135
3136,12/12/2022,04:49:16,3136
3137,12/12/2022,05:23:14,3137
3138,12/12/2022,13:28:41,3138
3139,12/12/2022,16:19:08,3139
3140,12/12/2022,16:20:18,3140
3141,12/12/2022,22:20:06,3141
3142,12/12/2022,22:21:19,3142
3143,12/12/2022,22:21:33,3143
3144,12/12/2022,22:34:29,3144
3145,12/12/2022,23:00:03,3145
3146,12/12/2022,23:00:47,3146
3147,13/12/2022,10:18:45,3147
3148,13/12/2022,10:21:03,3148
3149,13/12/2022,10:24:42,3149
3150,13/12/2022,14:35:12,3150
3151,13/12/2022,14:35:36,3151
3152,13/12/2022,14:55:02,3152
3153,13/12/2022,14:56:15,3153
3154,13/12/2022,14:56:21,3154
3155,13/12/2022,14:56:47,3155
3156,15/12/2022,12:54:35,3156
3157,15/12/2022,15:59:17,3157
3158,15/12/2022,18:46:47,3158
3159,15/12/2022,23:20:16,3159
3160,16/12/2022,14:51:15,3160
3161,16/12/2022,14:54:30,3161
3162,17/12/2022,14:43:34,3162
3163,17/12/2022,15:01:03,3163
3164,19/12/2022,12:39:46,3164
3165,19/12/2022,12:40:21,3165
3166,19/12/2022,12:44:27,3166
3167,19/12/2022,12:58:15,3167
3168,19/12/2022,13:14:57,3168
3169,19/12/2022,14:57:38,3169
3170,19/12/2022,19:32:53,3170
3171,20/12/2022,10:59:06,3171
3172,20/12/2022,11:01:34,3172
3173,20/12/2022,11:11:44,3173
3174,20/12/2022,21:12:42,3174
3175,21/12/2022,07:08:51,3175
3176,21/12/2022,07:13:25,3176
3177,21/12/2022,07:14:09,3177
3178,21/12/2022,07:20:36,3178
3179,21/12/2022,07:27:57,3179
3180,21/12/2022,11:34:49,3180
3181,21/12/2022,11:35:54,3181
3182,21/12/2022,13:00:58,3182
3183,21/12/2022,13:02:43,3183
3184,21/12/2022,13:07:40,3184
3185,21/12/2022,17:29:51,3185
3186,21/12/2022,17:31:01,3186
3187,22/12/2022,04:52:02,3187
3188,22/12/2022,04:53:07,3188
3189,22/12/2022,04:55:19,3189
3190,22/12/2022,04:57:07,3190
3191,22/12/2022,04:57:23,3191
3192,22/12/2022,04:57:29,3192
3193,22/12/2022,04:57:44,3193
3194,22/12/2022,04:58:59,3194
3195,22/12/2022,05:06:46,3195
3196,22/12/2022,06:35:37,3196
3197,22/12/2022,17:07:27,3197
3198,22/12/2022,17:10:28,3198
3199,22/12/2022,17:33:00,3199
3200,22/12/2022,18:24:25,3200
3201,22/12/2022,18:25:40,3201
3202,23/12/2022,03:30:11,3202
3203,23/12/2022,03:31:28,3203
3204,23/12/2022,14:02:37,3204
3205,23/12/2022,14:04:14,3205
3206,23/12/2022,19:18:23,3206
3207,24/12/2022,14:19:14,3207
3208,24/12/2022,14:19:32,3208
3209,24/12/2022,15:28:15,3209
3210,24/12/2022,15:30:30,3210
3211,25/12/2022,05:01:47,3211
3212,25/12/2022,05:03:05,3212
3213,25/12/2022,05:07:51,3213
3214,25/12/2022,05:08:25,3214
3215,25/12/2022,05:09:26,3215
3216,25/12/2022,05:11:02,3216
3217,25/12/2022,05:14:20,3217
3218,25/12/2022,05:14:55,3218
3219,25/12/2022,05:19:02,3219
3220,25/12/2022,08:01:34,3220
3221,25/12/2022,08:28:17,3221
3222,25/12/2022,13:20:33,3222
3223,25/12/2022,13:26:18,3223
3224,25/12/2022,13:27:58,3224
3225,25/12/2022,14:55:55,3225
3226,25/12/2022,14:56:54,3226
3227,26/12/2022,09:19:24,3227
3228,26/12/2022,19:42:05,3228
3229,26/12/2022,19:43:28,3229
3230,27/12/2022,10:08:43,3230
3231,27/12/2022,10:09:58,3231
3232,27/12/2022,18:18:48,3232
3233,28/12/2022,08:01:43,3233
3234,28/12/2022,08:03:03,3234
3235,28/12/2022,11:09:43,3235
3236,28/12/2022,11:10:19,3236
3237,28/12/2022,12:15:02,3237
3238,28/12/2022,19:13:04,3238
3239,28/12/2022,19:22:47,3239
3240,29/12/2022,13:35:22,3240
3241,29/12/2022,14:16:34,3241
3242,30/12/2022,14:58:43,3242
3243,30/12/2022,16:36:17,3243
3244,30/12/2022,16:41:53,3244
3245,30/12/2022,18:02:49,3245
3246,30/12/2022,18:03:42,3246
3247,31/12/2022,14:25:24,3247
